machineID,errorID,hour,day,month
1,error1,7,3,1
1,error3,20,3,1
1,error5,6,4,1
1,error4,15,10,1
1,error4,10,22,1
1,error4,15,25,1
1,error1,4,27,1
1,error2,22,3,3
1,error1,6,5,3
1,error1,18,20,3
1,error2,1,26,3
1,error1,23,31,3
1,error2,6,19,4
1,error3,6,19,4
1,error4,19,29,4
1,error2,23,4,5
1,error1,9,12,5
1,error4,7,21,5
1,error3,2,24,5
1,error1,5,25,5
1,error3,6,9,6
1,error5,6,18,6
1,error3,10,23,6
1,error1,19,23,8
1,error3,1,30,8
1,error5,6,1,9
1,error2,17,13,9
1,error1,6,15,9
1,error1,23,1,10
1,error1,5,15,10
1,error3,3,16,10
1,error2,6,16,10
1,error3,6,16,10
1,error3,4,10,11
1,error5,6,15,12
2,error4,14,12,1
2,error4,10,6,2
2,error1,11,11,2
2,error2,22,11,3
2,error1,6,18,3
2,error2,6,18,3
2,error3,6,18,3
2,error2,3,26,3
2,error3,17,27,3
2,error2,6,17,4
2,error3,6,17,4
2,error2,8,7,5
2,error1,10,13,5
2,error5,20,30,5
2,error5,14,18,6
2,error4,6,18,7
2,error2,10,20,7
2,error1,2,23,7
2,error1,10,3,8
2,error5,22,18,8
2,error2,10,23,8
2,error2,8,28,8
2,error4,13,16,9
2,error4,21,19,9
2,error2,19,23,9
2,error3,21,8,11
2,error2,6,28,12
2,error3,6,28,12
3,error2,6,6,1
3,error3,6,6,1
3,error1,2,8,1
3,error1,5,11,1
3,error3,19,11,1
3,error4,17,28,1
3,error1,6,5,2
3,error4,6,23,2
3,error4,11,2,3
3,error3,16,21,3
3,error2,16,6,4
3,error3,9,9,4
3,error2,19,26,4
3,error4,19,6,5
3,error2,15,24,5
3,error4,21,10,6
3,error1,7,27,6
3,error4,21,9,7
3,error1,19,18,7
3,error2,6,20,7
3,error3,6,20,7
3,error4,23,25,7
3,error1,17,29,7
3,error1,15,2,8
3,error2,4,7,8
3,error1,4,8,9
3,error1,11,13,9
3,error2,10,18,9
3,error5,2,1,10
3,error2,6,3,10
3,error3,6,3,10
3,error3,14,23,10
3,error2,23,31,10
3,error4,15,7,11
3,error1,23,20,11
3,error2,6,2,12
3,error3,6,2,12
3,error5,22,19,12
3,error1,12,25,12
4,error3,3,4,1
4,error1,1,6,1
4,error3,14,11,1
4,error2,18,13,1
4,error1,21,14,1
4,error2,6,16,1
4,error3,6,16,1
4,error2,15,12,2
4,error1,6,15,2
4,error1,9,27,2
4,error2,5,19,3
4,error1,22,22,3
4,error2,6,1,4
4,error3,6,1,4
4,error1,14,6,4
4,error2,17,3,5
4,error2,8,23,6
4,error2,6,15,7
4,error3,6,15,7
4,error2,5,24,7
4,error4,17,27,7
4,error4,6,10,8
4,error1,6,29,8
4,error2,6,5,9
4,error1,7,10,10
4,error2,6,13,10
4,error3,6,13,10
4,error1,20,17,10
4,error3,16,28,10
4,error3,16,12,11
4,error1,6,4,12
5,error2,6,8,1
5,error3,6,8,1
5,error1,19,31,1
5,error1,6,22,2
5,error3,14,24,2
5,error2,10,9,3
5,error1,22,18,3
5,error4,15,21,3
5,error2,16,21,3
5,error5,2,6,4
5,error1,6,8,4
5,error1,15,8,5
5,error1,0,17,5
5,error1,22,1,6
5,error4,1,5,6
5,error3,18,12,6
5,error2,6,22,6
5,error3,6,22,6
5,error3,12,23,6
5,error1,22,12,7
5,error3,4,16,7
5,error1,8,26,7
5,error4,9,29,7
5,error4,2,11,8
5,error2,12,19,8
5,error2,3,30,8
5,error1,6,5,9
5,error5,6,6,9
5,error1,20,27,9
5,error2,6,5,10
5,error3,6,5,10
5,error1,6,19,11
5,error1,2,4,12
5,error5,18,4,12
5,error1,16,15,12
5,error4,5,20,12
5,error4,9,21,12
5,error2,9,30,12
6,error2,12,14,1
6,error1,12,26,1
6,error2,22,3,2
6,error4,20,29,3
6,error1,21,5,4
6,error3,16,23,4
6,error1,16,25,4
6,error2,22,1,5
6,error5,8,24,5
6,error2,1,1,6
6,error2,7,3,6
6,error2,4,11,8
6,error4,6,20,8
6,error2,10,14,9
6,error1,20,18,9
6,error2,8,26,9
6,error1,21,5,10
6,error3,16,15,10
6,error1,22,21,10
6,error2,19,23,10
6,error1,3,13,11
6,error4,6,7,12
6,error3,22,10,12
7,error1,20,17,1
7,error3,7,21,1
7,error2,6,23,1
7,error3,6,23,1
7,error5,6,23,1
7,error1,6,7,2
7,error4,18,9,3
7,error2,22,10,3
7,error3,5,21,3
7,error2,22,27,3
7,error1,8,12,4
7,error1,6,23,4
7,error4,9,23,4
7,error5,6,8,5
7,error2,11,13,5
7,error2,6,23,5
7,error3,6,23,5
7,error3,8,24,6
7,error1,0,29,6
7,error2,6,7,7
7,error3,6,7,7
7,error2,5,13,7
7,error2,18,7,8
7,error3,6,9,8
7,error1,12,11,8
7,error4,22,30,8
7,error2,19,8,9
7,error1,18,17,9
7,error5,6,20,9
7,error2,19,22,9
7,error4,8,13,10
7,error2,6,20,10
7,error3,6,20,10
7,error2,10,31,10
7,error3,14,18,11
7,error3,22,24,11
7,error2,11,9,12
7,error3,13,16,12
7,error1,6,19,12
8,error2,5,5,1
8,error1,7,7,1
8,error1,2,15,1
8,error1,6,3,2
8,error4,23,3,2
8,error3,17,16,2
8,error3,23,20,2
8,error2,6,6,3
8,error3,6,6,3
8,error5,6,21,3
8,error2,16,26,3
8,error2,7,6,4
8,error2,6,20,4
8,error3,6,20,4
8,error2,22,30,4
8,error1,8,8,5
8,error2,1,28,5
8,error3,12,9,6
8,error4,20,28,6
8,error2,10,2,7
8,error2,17,4,7
8,error5,6,3,8
8,error3,11,14,8
8,error2,9,24,8
8,error3,11,18,9
8,error4,19,7,10
8,error4,6,10,10
8,error3,2,15,10
8,error5,6,17,10
8,error5,17,30,10
8,error5,8,3,11
8,error2,22,15,11
8,error3,22,18,11
8,error2,10,19,11
8,error2,3,15,12
8,error4,19,16,12
8,error4,11,19,12
8,error4,7,23,12
8,error2,17,23,12
8,error4,7,24,12
8,error4,21,30,12
8,error3,5,1,1
9,error4,4,4,1
9,error3,20,5,1
9,error1,2,25,1
9,error2,20,18,2
9,error1,6,3,3
9,error1,11,9,3
9,error3,8,22,3
9,error4,5,1,4
9,error5,12,10,4
9,error1,4,29,4
9,error2,11,5,6
9,error4,13,14,6
9,error2,6,16,6
9,error3,6,16,6
9,error4,23,17,6
9,error1,13,19,6
9,error4,0,22,6
9,error1,6,1,7
9,error2,6,16,7
9,error3,6,16,7
9,error3,9,30,7
9,error4,8,8,8
9,error1,5,16,8
9,error4,13,18,8
9,error1,15,18,8
9,error2,6,30,8
9,error3,6,30,8
9,error1,6,14,9
9,error2,1,12,10
9,error2,6,14,10
9,error3,6,14,10
9,error1,6,13,11
9,error3,4,19,11
9,error3,14,22,11
9,error3,14,24,11
9,error2,3,1,12
9,error2,6,13,12
9,error3,6,13,12
9,error4,7,13,12
9,error2,10,27,12
10,error1,20,1,1
10,error3,4,6,1
10,error2,6,18,1
10,error3,6,18,1
10,error1,5,22,1
10,error4,3,29,1
10,error1,0,10,2
10,error1,3,11,2
10,error5,23,12,2
10,error3,10,13,2
10,error2,0,4,3
10,error3,15,5,3
10,error1,11,18,3
10,error4,14,21,3
10,error1,8,26,3
10,error2,6,3,4
10,error3,6,3,4
10,error2,5,6,4
10,error3,0,14,4
10,error1,9,14,4
10,error2,6,18,5
10,error3,6,18,5
10,error1,3,31,5
10,error1,6,2,6
10,error4,12,12,6
10,error1,6,16,6
10,error2,6,17,6
10,error3,6,17,6
10,error3,14,1,7
10,error3,16,25,7
10,error5,4,29,7
10,error2,7,6,8
10,error3,4,10,8
10,error4,8,17,8
10,error1,11,10,9
10,error1,17,14,9
10,error1,5,18,9
10,error1,0,5,10
10,error3,13,27,10
10,error1,18,31,10
10,error1,17,9,11
10,error3,6,21,11
10,error2,21,8,12
10,error1,9,17,12
10,error2,13,23,12
11,error2,6,19,1
11,error3,6,19,1
11,error4,1,15,2
11,error4,6,18,2
11,error4,23,26,2
11,error3,7,20,3
11,error1,2,8,4
11,error3,12,12,4
11,error1,2,15,4
11,error2,6,19,4
11,error3,6,19,4
11,error4,6,19,4
11,error4,22,10,5
11,error1,23,25,5
11,error3,8,8,6
11,error1,8,16,6
11,error2,2,17,6
11,error4,13,21,6
11,error2,0,15,7
11,error2,7,18,7
11,error3,14,20,8
11,error2,22,25,8
11,error4,16,26,8
11,error4,13,4,9
11,error1,4,13,9
11,error4,17,29,9
11,error4,6,1,10
11,error3,1,8,10
11,error1,7,11,10
11,error1,16,20,10
11,error4,13,2,11
11,error2,17,3,11
11,error3,8,8,11
11,error2,9,14,11
11,error2,1,4,12
11,error2,10,11,12
11,error4,6,15,12
11,error2,21,15,12
11,error3,3,17,12
12,error1,6,6,1
12,error2,6,6,1
12,error3,6,6,1
12,error3,20,16,1
12,error2,13,6,2
12,error2,15,14,3
12,error2,6,22,3
12,error3,6,22,3
12,error3,5,3,4
12,error4,0,5,4
12,error2,17,10,4
12,error3,19,25,4
12,error4,5,26,4
12,error2,3,4,5
12,error1,10,14,5
12,error2,12,29,5
12,error3,10,13,6
12,error3,19,28,6
12,error1,6,5,7
12,error5,2,15,7
12,error2,9,17,7
12,error5,18,22,7
12,error2,5,5,8
12,error2,17,16,8
12,error2,20,28,8
12,error1,6,3,9
12,error2,20,4,9
12,error4,5,20,9
12,error1,12,30,9
12,error2,15,1,10
12,error4,0,3,10
12,error2,6,3,10
12,error3,6,3,10
12,error2,22,3,10
12,error1,23,8,10
12,error1,22,9,10
12,error1,22,4,11
12,error1,5,5,11
12,error3,0,27,11
12,error2,23,28,11
12,error4,16,12,12
13,error5,4,10,1
13,error3,21,13,1
13,error2,9,26,1
13,error1,7,27,1
13,error1,20,28,1
13,error1,20,10,2
13,error4,10,13,2
13,error2,5,14,2
13,error3,20,25,2
13,error3,18,10,3
13,error3,16,20,3
13,error2,23,6,4
13,error4,6,10,4
13,error5,6,10,4
13,error4,18,13,4
13,error4,9,5,5
13,error4,6,9,6
13,error5,6,24,6
13,error2,6,9,7
13,error3,6,9,7
13,error3,4,29,7
13,error2,18,4,8
13,error2,6,8,8
13,error3,6,8,8
13,error1,6,23,8
13,error4,6,23,8
13,error3,15,25,8
13,error4,20,3,9
13,error1,22,18,9
13,error5,6,22,9
13,error4,12,29,9
13,error1,7,4,10
13,error1,6,22,10
13,error5,18,23,10
13,error1,7,6,11
13,error1,3,26,11
13,error5,6,6,12
13,error5,17,13,12
13,error1,6,21,12
13,error2,6,21,12
13,error3,6,21,12
13,error1,8,21,12
14,error4,8,1,1
14,error1,16,3,1
14,error4,17,24,1
14,error4,11,27,1
14,error2,6,30,1
14,error3,6,30,1
14,error2,20,9,2
14,error5,21,18,2
14,error5,17,19,2
14,error1,6,1,3
14,error1,9,7,3
14,error2,17,7,3
14,error2,18,16,3
14,error2,7,17,3
14,error2,4,17,4
14,error5,1,20,4
14,error3,5,11,5
14,error3,4,12,5
14,error5,5,31,5
14,error4,20,2,6
14,error2,8,19,6
14,error1,2,25,6
14,error2,17,26,6
14,error1,6,14,7
14,error3,8,14,7
14,error2,6,29,7
14,error3,6,29,7
14,error4,12,14,8
14,error4,13,22,8
14,error3,10,28,8
14,error2,18,20,9
14,error3,18,2,10
14,error1,11,13,10
14,error3,10,21,10
14,error1,14,30,11
14,error5,0,17,12
14,error2,1,22,12
14,error1,12,23,12
15,error4,23,13,1
15,error3,6,14,1
15,error2,6,19,1
15,error3,6,19,1
15,error5,6,19,1
15,error1,23,22,1
15,error2,2,11,2
15,error1,0,14,2
15,error1,23,21,3
15,error1,20,24,3
15,error2,23,28,3
15,error5,10,6,4
15,error4,13,12,4
15,error2,2,23,4
15,error1,1,10,5
15,error4,4,30,5
15,error1,21,1,6
15,error2,0,2,6
15,error1,6,3,6
15,error4,6,11,6
15,error2,11,17,6
15,error2,6,18,6
15,error1,10,22,6
15,error1,10,24,6
15,error4,17,3,7
15,error2,15,5,7
15,error2,21,5,7
15,error1,14,7,7
15,error2,0,22,7
15,error1,6,2,8
15,error4,15,9,8
15,error2,6,1,9
15,error3,15,23,9
15,error3,13,2,10
15,error3,20,5,10
15,error1,1,7,10
15,error4,20,7,10
15,error4,13,15,10
15,error2,1,26,10
15,error2,6,31,10
15,error3,6,31,10
15,error5,6,31,10
15,error1,14,6,11
15,error3,6,11,11
15,error2,19,13,11
15,error4,19,14,11
15,error1,13,19,11
15,error4,23,20,11
15,error3,8,22,11
15,error3,22,21,12
15,error5,6,30,12
16,error1,6,16,1
16,error3,2,9,2
16,error1,0,13,2
16,error1,5,22,2
16,error3,16,27,2
16,error4,6,2,3
16,error3,1,10,3
16,error5,19,10,3
16,error5,17,13,3
16,error2,12,25,3
16,error1,6,1,4
16,error1,18,10,4
16,error3,3,22,4
16,error1,10,22,4
16,error4,8,28,4
16,error1,14,28,4
16,error4,6,16,5
16,error1,14,21,5
16,error2,17,28,5
16,error2,6,31,5
16,error3,6,31,5
16,error1,6,15,6
16,error3,11,22,6
16,error2,6,30,6
16,error3,6,30,6
16,error4,6,30,6
16,error2,12,7,7
16,error3,17,7,7
16,error4,21,7,7
16,error4,20,1,8
16,error1,8,5,8
16,error4,6,14,8
16,error1,0,22,9
16,error1,0,24,9
16,error3,12,4,10
16,error4,6,13,10
16,error3,2,26,11
16,error2,6,27,11
16,error3,6,27,11
16,error1,2,7,12
16,error3,20,16,12
17,error4,6,15,1
17,error2,23,26,1
17,error3,0,4,2
17,error2,1,13,2
17,error2,6,14,2
17,error3,6,14,2
17,error2,4,17,2
17,error1,15,4,3
17,error4,8,6,3
17,error3,18,10,3
17,error4,6,16,3
17,error1,6,22,3
17,error2,22,27,3
17,error2,6,31,3
17,error3,6,31,3
17,error5,6,31,3
17,error1,12,16,4
17,error4,11,29,4
17,error1,6,15,5
17,error4,14,19,5
17,error3,16,24,5
17,error1,8,10,6
17,error4,6,14,6
17,error2,6,14,7
17,error3,6,14,7
17,error3,0,16,7
17,error2,20,24,7
17,error4,13,25,7
17,error2,4,28,7
17,error1,6,29,7
17,error1,23,1,8
17,error3,22,8,8
17,error1,2,13,8
17,error5,6,28,8
17,error1,18,4,9
17,error2,4,6,9
17,error2,0,9,9
17,error5,6,16,9
17,error3,21,21,9
17,error1,18,7,10
17,error2,1,11,10
17,error2,2,16,10
17,error4,2,18,10
17,error4,6,27,10
17,error5,6,27,10
17,error2,18,25,11
17,error2,6,26,11
17,error3,6,26,11
17,error1,6,26,12
18,error1,19,6,1
18,error5,20,7,1
18,error5,2,10,1
18,error1,6,24,1
18,error5,6,29,1
18,error4,9,13,2
18,error1,14,16,2
18,error2,10,7,3
18,error4,18,10,3
18,error4,5,25,3
18,error1,6,25,3
18,error2,8,25,3
18,error1,6,30,3
18,error3,7,2,4
18,error4,16,12,4
18,error5,23,12,5
18,error5,6,14,5
18,error2,13,15,5
18,error3,18,15,5
18,error2,15,19,5
18,error4,14,24,5
18,error1,6,6,6
18,error2,17,18,6
18,error1,19,19,6
18,error2,6,28,6
18,error3,6,28,6
18,error1,18,29,6
18,error2,5,5,7
18,error3,8,6,7
18,error2,6,28,7
18,error3,6,28,7
18,error2,8,29,7
18,error1,2,30,7
18,error3,8,1,8
18,error5,6,27,8
18,error4,12,8,9
18,error2,6,11,9
18,error3,6,11,9
18,error4,0,6,10
18,error3,14,9,10
18,error5,12,23,10
18,error5,6,26,10
18,error1,13,31,10
18,error3,12,9,11
18,error2,9,20,11
18,error4,8,21,12
19,error2,4,2,1
19,error1,6,12,1
19,error4,23,23,1
19,error2,6,24,1
19,error5,6,26,2
19,error4,13,1,3
19,error4,12,15,3
19,error1,3,23,3
19,error2,10,4,4
19,error5,6,12,4
19,error1,4,18,4
19,error2,1,12,5
19,error4,3,18,6
19,error5,6,26,6
19,error4,21,11,7
19,error4,5,16,7
19,error2,15,2,8
19,error1,12,6,8
19,error2,14,6,9
19,error5,6,9,9
19,error4,13,25,9
19,error3,16,28,9
19,error2,10,7,10
19,error1,17,4,11
19,error5,6,23,11
19,error1,6,8,12
19,error1,23,10,12
19,error3,16,22,12
20,error2,6,3,1
20,error3,6,3,1
20,error5,6,18,1
20,error1,16,19,1
20,error2,2,1,2
20,error4,6,2,2
20,error4,23,3,2
20,error2,22,4,2
20,error1,23,16,2
20,error3,20,17,2
20,error3,14,23,2
20,error4,2,24,2
20,error2,6,19,3
20,error3,6,19,3
20,error4,6,3,4
20,error4,19,9,4
20,error1,12,12,4
20,error2,9,14,4
20,error5,6,18,4
20,error3,6,28,4
20,error4,0,5,5
20,error4,22,7,5
20,error1,2,16,5
20,error1,4,26,5
20,error3,4,1,6
20,error5,15,4,6
20,error1,1,7,7
20,error1,5,11,7
20,error1,6,17,7
20,error2,21,11,8
20,error3,1,16,8
20,error5,6,16,8
20,error2,6,30,9
20,error3,6,30,9
20,error5,0,5,10
20,error4,10,12,10
20,error2,1,25,10
20,error4,6,30,10
20,error4,7,11,11
20,error2,6,14,11
20,error3,6,14,11
20,error1,6,13,12
20,error1,6,14,12
20,error2,10,23,12
20,error4,17,27,12
20,error5,6,29,12
20,error3,0,30,12
21,error4,6,22,1
21,error2,8,16,2
21,error2,15,16,3
21,error5,6,7,4
21,error1,8,8,4
21,error1,18,26,4
21,error1,6,7,5
21,error4,5,13,5
21,error2,18,18,6
21,error1,9,23,6
21,error2,19,26,6
21,error4,21,9,7
21,error2,6,5,8
21,error3,6,5,8
21,error5,6,5,8
21,error1,5,9,8
21,error2,21,22,8
21,error2,2,28,8
21,error4,6,4,9
21,error2,8,6,9
21,error3,22,7,9
21,error5,6,19,9
21,error2,6,4,10
21,error3,6,4,10
21,error4,13,5,10
21,error1,17,9,10
21,error1,17,22,10
21,error3,7,1,11
21,error5,6,3,11
21,error2,2,5,11
21,error2,8,6,11
21,error4,19,8,11
21,error4,1,12,11
21,error2,19,26,11
21,error2,6,3,12
21,error3,6,3,12
21,error1,7,7,12
21,error4,6,18,12
21,error1,15,21,12
21,error4,11,26,12
22,error1,23,12,1
22,error4,1,13,1
22,error3,1,18,1
22,error5,21,19,1
22,error1,5,22,1
22,error3,3,28,1
22,error5,17,4,2
22,error4,6,5,2
22,error1,9,19,2
22,error2,6,22,3
22,error3,6,22,3
22,error5,6,22,3
22,error4,22,22,3
22,error3,15,28,3
22,error3,13,1,4
22,error4,6,6,4
22,error2,6,21,4
22,error3,6,21,4
22,error1,22,22,4
22,error2,22,27,4
22,error3,0,28,4
22,error5,14,17,5
22,error1,6,21,5
22,error4,6,21,5
22,error5,6,20,6
22,error3,22,21,6
22,error2,6,5,7
22,error3,6,5,7
22,error4,21,5,7
22,error4,19,7,7
22,error1,8,19,7
22,error5,6,4,8
22,error3,0,9,8
22,error1,7,18,8
22,error4,6,19,8
22,error4,12,19,8
22,error4,18,20,8
22,error4,22,23,8
22,error2,2,27,8
22,error4,10,30,8
22,error2,6,18,9
22,error3,6,18,9
22,error2,0,25,9
22,error4,9,30,9
22,error1,13,19,10
22,error1,6,23,10
22,error5,6,30,10
22,error4,6,2,11
22,error4,16,4,11
22,error4,12,11,11
22,error5,6,17,11
22,error3,23,17,11
22,error1,2,24,11
22,error3,10,27,11
22,error4,18,2,12
22,error1,15,4,12
22,error2,23,4,12
22,error4,1,14,12
22,error3,13,16,12
22,error1,11,26,12
23,error2,6,4,1
23,error3,6,4,1
23,error5,6,19,1
23,error2,1,26,1
23,error5,6,28,1
23,error5,1,15,2
23,error1,6,20,3
23,error5,6,20,3
23,error1,6,4,4
23,error5,6,6,4
23,error2,12,8,4
23,error1,20,9,4
23,error5,17,1,5
23,error1,2,10,5
23,error4,6,3,6
23,error4,19,18,6
23,error3,0,1,7
23,error2,6,18,7
23,error3,6,18,7
23,error1,3,25,7
23,error4,6,2,8
23,error1,7,25,8
23,error2,6,1,9
23,error3,6,1,9
23,error1,13,6,9
23,error1,5,19,9
23,error4,6,1,10
23,error2,20,1,10
23,error5,6,16,10
23,error2,14,25,10
23,error3,13,30,10
23,error4,6,15,11
23,error2,18,20,11
23,error2,14,14,12
23,error5,6,15,12
23,error4,1,23,12
23,error3,20,31,12
24,error1,6,1,1
24,error1,6,15,2
24,error3,9,19,2
24,error5,6,1,4
24,error4,6,16,4
24,error2,15,22,4
24,error1,1,8,5
24,error2,4,9,5
24,error4,10,17,5
24,error4,19,11,6
24,error4,6,30,6
24,error3,4,15,7
24,error4,5,18,7
24,error2,15,19,7
24,error5,6,30,7
24,error1,6,2,8
24,error3,14,3,8
24,error1,12,19,8
24,error4,13,19,8
24,error2,4,23,8
24,error1,15,28,8
24,error1,23,30,8
24,error4,12,14,9
24,error1,6,28,9
24,error1,4,1,10
24,error4,6,13,10
24,error5,6,12,11
24,error4,15,19,11
24,error4,6,27,11
24,error2,2,7,12
24,error4,1,17,12
24,error3,16,17,12
24,error3,19,24,12
25,error1,6,6,1
25,error4,19,24,1
25,error2,0,28,1
25,error2,23,3,2
25,error1,7,16,2
25,error4,9,27,2
25,error1,6,4,3
25,error3,17,17,3
25,error1,21,23,3
25,error2,4,16,4
25,error2,13,16,4
25,error1,2,28,4
25,error5,6,3,5
25,error1,12,5,5
25,error4,6,22,5
25,error1,6,2,6
25,error2,6,2,6
25,error3,6,2,6
25,error2,14,4,6
25,error1,20,6,6
25,error3,9,10,6
25,error3,22,11,6
25,error4,4,26,6
25,error3,10,9,7
25,error1,3,26,7
25,error3,18,3,8
25,error2,6,16,8
25,error3,6,16,8
25,error5,6,16,8
25,error2,0,18,8
25,error3,11,1,9
25,error2,18,15,10
25,error5,20,21,10
25,error2,6,30,10
25,error3,6,30,10
25,error5,6,29,11
25,error2,9,11,12
26,error1,22,29,1
26,error1,6,19,2
26,error4,1,27,2
26,error2,9,17,3
26,error1,7,28,3
26,error1,6,5,4
26,error1,23,14,4
26,error3,13,20,4
26,error3,16,25,4
26,error3,15,30,4
26,error1,2,4,5
26,error3,21,5,5
26,error2,15,13,5
26,error1,16,17,5
26,error1,8,20,6
26,error4,5,25,6
26,error1,22,1,7
26,error3,17,4,7
26,error2,11,11,7
26,error3,15,26,7
26,error1,11,15,8
26,error2,18,16,8
26,error2,6,18,8
26,error3,6,18,8
26,error4,17,25,8
26,error1,6,2,9
26,error5,15,17,9
26,error3,9,19,9
26,error2,12,4,10
26,error1,11,12,10
26,error2,6,17,10
26,error3,6,17,10
26,error1,19,24,10
26,error1,6,1,11
26,error4,13,10,11
26,error2,6,16,11
26,error3,6,16,11
26,error4,18,17,11
26,error3,6,5,12
26,error4,14,7,12
26,error2,17,25,12
26,error4,4,26,12
27,error1,21,3,1
27,error1,20,5,1
27,error4,18,6,1
27,error2,6,9,1
27,error3,6,9,1
27,error4,15,15,1
27,error1,6,24,1
27,error3,19,31,1
27,error1,8,15,2
27,error4,18,16,2
27,error2,6,23,2
27,error3,6,23,2
27,error2,13,2,3
27,error2,7,23,3
27,error5,1,7,4
27,error1,10,23,4
27,error3,23,30,4
27,error3,7,8,5
27,error3,2,21,6
27,error1,10,21,6
27,error4,12,29,6
27,error1,13,3,8
27,error3,14,23,8
27,error5,21,31,8
27,error2,3,14,9
27,error2,4,8,10
27,error4,21,20,10
27,error2,6,23,10
27,error4,22,25,10
27,error2,14,2,11
27,error4,17,26,12
28,error4,6,11,1
28,error4,22,25,1
28,error1,14,26,1
28,error3,16,27,1
28,error1,16,1,2
28,error2,2,6,3
28,error4,5,9,3
28,error2,6,16,3
28,error3,6,16,3
28,error2,12,16,3
28,error4,7,30,3
28,error2,7,31,3
28,error1,1,12,4
28,error1,2,14,4
28,error1,6,30,4
28,error1,23,10,5
28,error5,18,24,5
28,error3,14,4,6
28,error2,20,9,6
28,error3,16,12,6
28,error2,6,14,6
28,error3,6,14,6
28,error3,5,18,6
28,error4,23,8,7
28,error2,20,13,7
28,error2,4,30,7
28,error1,0,2,8
28,error2,3,3,8
28,error1,6,13,8
28,error3,6,24,8
28,error2,22,7,9
28,error2,11,9,9
28,error5,23,28,9
28,error1,9,19,10
28,error2,12,13,11
28,error1,23,26,11
28,error3,14,17,12
28,error1,9,24,12
28,error1,6,26,12
28,error1,16,27,12
29,error1,3,6,1
29,error1,10,9,1
29,error1,17,19,1
29,error2,20,24,1
29,error4,20,26,1
29,error1,20,4,2
29,error5,1,5,2
29,error4,18,11,2
29,error1,6,2,3
29,error3,11,16,3
29,error4,8,17,3
29,error1,16,26,3
29,error4,8,27,3
29,error4,23,28,3
29,error3,17,4,4
29,error1,16,9,4
29,error2,12,10,4
29,error4,3,17,4
29,error2,22,25,4
29,error3,23,3,5
29,error1,18,4,5
29,error1,4,20,5
29,error2,18,24,5
29,error2,16,12,6
29,error5,4,6,7
29,error1,5,6,7
29,error1,6,14,7
29,error3,1,29,7
29,error4,16,29,7
29,error1,2,1,8
29,error1,11,9,9
29,error4,4,22,9
29,error1,11,1,10
29,error4,1,13,10
29,error4,15,14,10
29,error1,5,1,11
29,error5,8,15,11
29,error2,15,22,11
29,error2,6,27,11
29,error3,6,27,11
29,error4,10,16,12
29,error1,3,18,12
29,error2,17,24,12
30,error1,3,2,1
30,error4,14,5,1
30,error5,6,8,1
30,error2,13,10,1
30,error1,2,11,1
30,error2,6,16,1
30,error4,16,18,1
30,error2,11,29,1
30,error1,10,13,2
30,error1,6,17,2
30,error4,19,18,3
30,error4,12,22,3
30,error5,6,24,3
30,error2,16,24,3
30,error3,20,12,4
30,error3,0,26,4
30,error1,22,29,5
30,error2,3,13,6
30,error3,17,22,6
30,error1,19,4,7
30,error3,4,24,7
30,error2,6,6,8
30,error3,6,6,8
30,error5,6,6,8
30,error1,23,11,8
30,error1,22,20,8
30,error1,20,25,9
30,error1,16,2,10
30,error2,13,7,10
30,error2,4,19,10
30,error2,6,27,10
30,error5,18,27,10
30,error4,17,2,11
30,error4,21,13,11
30,error2,20,18,11
30,error1,10,21,11
30,error4,13,1,12
30,error5,6,4,12
30,error1,17,27,12
30,error2,5,1,1
31,error1,13,5,1
31,error2,15,8,1
31,error2,5,3,2
31,error4,6,22,3
31,error2,7,5,4
31,error1,6,21,5
31,error4,14,25,5
31,error1,22,2,6
31,error5,19,3,6
31,error3,6,5,7
31,error4,6,5,7
31,error5,23,6,7
31,error2,23,25,7
31,error2,6,28,8
31,error4,6,3,9
31,error2,10,23,9
31,error2,6,18,10
31,error3,6,18,10
31,error1,8,7,11
31,error4,4,14,11
31,error1,6,17,11
31,error4,6,17,11
31,error1,19,20,11
31,error2,20,3,12
31,error3,14,15,12
31,error4,9,18,12
32,error1,6,9,1
32,error3,20,6,2
32,error5,6,8,2
32,error2,23,16,2
32,error4,5,26,2
32,error5,21,4,3
32,error1,6,10,3
32,error2,2,27,3
32,error2,7,28,3
32,error4,7,5,4
32,error5,6,9,4
32,error3,16,30,4
32,error2,6,9,5
32,error3,6,9,5
32,error2,10,20,5
32,error2,7,23,5
32,error4,0,1,6
32,error2,6,23,6
32,error3,6,23,6
32,error5,6,23,6
32,error4,20,7,7
32,error4,21,30,7
32,error1,6,7,8
32,error2,13,29,8
32,error1,9,3,9
32,error3,20,4,9
32,error3,10,10,9
32,error1,6,12,9
32,error4,11,16,9
32,error5,6,21,9
32,error2,14,7,10
32,error2,14,26,10
32,error2,21,26,10
32,error1,6,5,11
32,error4,20,24,11
32,error4,17,17,12
32,error2,19,23,12
33,error5,8,24,1
33,error3,23,27,1
33,error1,6,30,1
33,error5,6,30,1
33,error1,4,27,2
33,error5,10,13,3
33,error5,6,31,3
33,error3,22,14,4
33,error1,19,15,4
33,error2,6,30,4
33,error3,6,30,4
33,error1,12,23,5
33,error2,6,30,5
33,error3,6,30,5
33,error3,2,11,6
33,error5,6,14,6
33,error1,12,14,6
33,error2,0,1,7
33,error2,2,3,7
33,error4,13,11,7
33,error3,17,16,8
33,error5,6,28,8
33,error1,0,31,8
33,error1,16,11,9
33,error4,6,14,9
33,error2,6,27,9
33,error3,6,27,9
33,error2,0,16,10
33,error4,9,24,10
33,error4,4,11,11
33,error1,21,11,11
33,error2,17,14,11
33,error1,6,26,11
33,error2,2,5,12
33,error5,14,20,12
33,error2,8,24,12
33,error2,2,28,12
34,error4,16,14,1
34,error3,4,8,2
34,error2,14,11,2
34,error3,9,1,3
34,error3,13,2,4
34,error1,17,6,4
34,error1,6,15,4
34,error1,5,27,4
34,error2,14,11,5
34,error4,5,20,6
34,error5,20,22,6
34,error1,12,24,6
34,error2,14,9,7
34,error2,16,25,7
34,error2,4,4,9
34,error2,8,25,9
34,error2,19,26,9
34,error1,19,30,9
34,error4,10,1,10
34,error4,21,3,10
34,error4,1,23,10
34,error2,6,27,10
34,error3,6,27,10
34,error3,6,29,10
34,error2,2,7,11
34,error1,6,11,11
34,error4,5,25,11
34,error2,16,4,12
34,error1,18,7,12
34,error2,8,11,12
34,error3,17,11,12
34,error1,20,15,12
34,error4,3,20,12
34,error2,21,28,12
35,error1,17,2,1
35,error5,6,5,1
35,error4,7,6,1
35,error1,18,23,1
35,error4,6,4,2
35,error2,13,9,2
35,error1,10,13,3
35,error5,6,21,3
35,error4,5,27,3
35,error4,6,5,4
35,error2,7,13,4
35,error4,12,14,4
35,error5,6,5,5
35,error4,20,5,5
35,error2,1,19,5
35,error1,6,20,5
35,error1,3,1,6
35,error2,10,8,6
35,error1,1,9,6
35,error2,19,5,7
35,error2,6,19,7
35,error3,6,19,7
35,error4,10,29,7
35,error1,6,3,8
35,error1,11,7,8
35,error1,15,12,8
35,error4,2,22,8
35,error5,8,28,8
35,error5,3,4,9
35,error1,6,17,9
35,error5,6,17,9
35,error1,6,18,9
35,error4,22,9,10
35,error4,4,11,10
35,error3,4,24,10
35,error3,0,29,10
35,error4,13,6,12
35,error4,13,19,12
35,error5,2,29,12
35,error4,4,30,12
36,error3,2,6,1
36,error1,23,10,1
36,error3,1,16,1
36,error3,1,21,1
36,error1,10,21,1
36,error1,8,19,2
36,error1,6,20,2
36,error5,22,21,2
36,error1,14,20,3
36,error1,19,21,4
36,error2,20,21,4
36,error2,19,26,4
36,error3,10,4,6
36,error1,6,5,6
36,error2,6,11,6
36,error2,6,20,6
36,error3,6,20,6
36,error1,9,16,7
36,error4,8,28,7
36,error1,4,2,8
36,error3,14,10,8
36,error1,18,28,8
36,error2,6,3,9
36,error3,6,3,9
36,error4,0,2,10
36,error3,15,4,10
36,error2,19,4,10
36,error4,6,20,10
36,error2,5,30,10
36,error2,2,31,10
36,error3,11,11,12
36,error4,16,18,12
37,error5,6,3,1
37,error2,9,4,1
37,error1,6,13,1
37,error3,23,18,1
37,error1,20,19,1
37,error4,6,2,2
37,error1,23,16,3
37,error4,0,2,4
37,error3,16,3,4
37,error5,6,18,4
37,error3,8,21,4
37,error1,19,27,4
37,error2,22,4,5
37,error4,6,18,5
37,error5,6,2,6
37,error3,19,2,6
37,error2,4,3,6
37,error1,2,4,6
37,error1,6,17,6
37,error4,22,18,6
37,error4,6,2,7
37,error1,5,3,7
37,error2,22,11,7
37,error5,6,17,7
37,error2,14,18,7
37,error2,6,16,8
37,error3,6,16,8
37,error1,17,24,8
37,error2,6,15,9
37,error3,6,15,9
37,error2,15,25,9
37,error5,6,30,9
37,error4,5,16,10
37,error2,17,17,10
37,error1,11,19,10
37,error2,7,2,11
37,error4,12,3,11
37,error2,6,14,11
37,error3,6,14,11
37,error2,10,23,11
37,error2,22,28,11
37,error4,6,29,11
37,error5,6,14,12
38,error4,2,7,1
38,error5,6,16,1
38,error3,6,18,1
38,error2,1,20,1
38,error2,10,21,2
38,error4,20,3,3
38,error4,2,12,3
38,error5,12,22,3
38,error4,18,27,3
38,error2,6,1,4
38,error3,6,1,4
38,error4,14,3,4
38,error5,22,13,4
38,error5,6,16,4
38,error2,13,1,5
38,error3,12,9,5
38,error3,0,21,5
38,error2,15,23,5
38,error4,22,6,6
38,error4,6,20,6
38,error2,6,30,6
38,error3,6,30,6
38,error5,4,10,7
38,error2,4,2,8
38,error1,13,13,8
38,error3,1,16,8
38,error4,1,17,8
38,error4,1,18,8
38,error2,16,20,8
38,error5,6,29,8
38,error5,0,6,9
38,error1,10,17,9
38,error4,15,1,10
38,error1,5,12,10
38,error5,9,14,10
38,error2,6,22,10
38,error3,2,25,10
38,error2,13,18,11
38,error1,6,12,12
38,error5,6,12,12
38,error4,12,15,12
38,error2,11,19,12
39,error3,14,20,1
39,error3,3,12,2
39,error3,19,18,2
39,error2,21,22,2
39,error2,21,5,3
39,error3,4,14,3
39,error2,5,24,3
39,error4,4,29,3
39,error2,6,31,3
39,error3,6,31,3
39,error4,12,8,4
39,error3,12,18,4
39,error4,15,14,5
39,error4,19,13,7
39,error3,3,14,7
39,error2,7,23,7
39,error4,14,28,7
39,error1,6,29,7
39,error1,18,2,8
39,error5,2,22,8
39,error4,2,7,9
39,error2,9,7,9
39,error4,10,24,9
39,error2,19,25,9
39,error4,1,30,9
39,error2,11,3,10
39,error4,10,5,10
39,error5,11,5,10
39,error5,16,8,10
39,error2,6,12,10
39,error3,6,12,10
39,error1,22,15,10
39,error3,10,11,11
39,error4,23,15,11
39,error2,11,24,11
39,error2,6,26,12
39,error3,6,26,12
40,error4,6,3,1
40,error1,3,3,2
40,error1,1,6,2
40,error3,22,16,2
40,error1,6,17,2
40,error2,23,24,2
40,error1,13,26,2
40,error1,2,1,3
40,error2,13,3,3
40,error2,10,4,3
40,error1,6,3,4
40,error4,19,9,4
40,error1,2,12,4
40,error2,3,15,4
40,error4,3,21,4
40,error3,16,12,5
40,error3,9,14,5
40,error4,6,2,6
40,error2,6,17,6
40,error3,6,17,6
40,error1,6,2,7
40,error3,1,15,7
40,error2,4,20,7
40,error1,13,4,8
40,error1,19,5,8
40,error4,15,8,8
40,error1,22,14,8
40,error2,6,16,8
40,error3,6,16,8
40,error2,3,27,8
40,error4,10,1,9
40,error5,3,5,9
40,error1,16,20,9
40,error1,14,7,10
40,error1,1,12,10
40,error5,11,15,10
40,error3,12,30,10
40,error1,6,29,11
40,error4,6,14,12
40,error2,5,17,12
40,error4,13,20,12
40,error4,18,28,12
41,error3,21,3,1
41,error1,9,24,1
41,error1,6,31,1
41,error2,13,14,2
41,error3,16,17,2
41,error4,22,20,2
41,error1,3,5,3
41,error2,2,9,3
41,error3,10,3,4
41,error1,14,16,4
41,error2,17,16,4
41,error1,6,1,5
41,error4,5,2,5
41,error1,1,10,5
41,error1,23,20,5
41,error2,19,26,5
41,error2,23,11,6
41,error3,7,13,6
41,error2,12,22,6
41,error3,3,6,7
41,error1,21,7,8
41,error1,2,13,8
41,error4,4,20,8
41,error4,2,23,8
41,error1,20,24,8
41,error2,0,7,10
41,error1,6,28,10
41,error1,10,3,11
41,error1,14,11,11
41,error5,0,26,11
41,error2,12,3,12
42,error2,10,1,1
42,error1,6,20,1
42,error1,5,23,1
42,error4,1,3,2
42,error2,17,11,2
42,error1,15,5,3
42,error2,4,10,3
42,error3,14,11,3
42,error1,12,13,3
42,error4,6,5,4
42,error4,0,10,4
42,error2,20,11,4
42,error2,6,20,4
42,error1,6,5,5
42,error4,15,5,5
42,error3,8,13,5
42,error2,6,4,6
42,error3,6,4,6
42,error4,6,19,6
42,error2,3,25,6
42,error3,11,29,6
42,error1,5,21,7
42,error1,21,27,7
42,error1,3,28,7
42,error3,9,8,8
42,error4,22,14,8
42,error2,6,18,8
42,error3,6,18,8
42,error3,17,20,8
42,error4,6,17,9
42,error4,21,11,10
42,error1,10,19,10
42,error4,18,23,10
42,error3,10,3,11
42,error2,6,16,11
42,error3,6,16,11
42,error3,11,13,12
42,error4,6,16,12
43,error3,7,1,1
43,error3,14,25,1
43,error1,6,4,2
43,error5,6,19,2
43,error2,10,2,3
43,error4,19,5,3
43,error3,9,11,3
43,error3,11,13,3
43,error2,18,18,3
43,error2,6,21,3
43,error3,6,21,3
43,error2,21,8,4
43,error1,7,18,4
43,error4,13,10,5
43,error2,13,18,5
43,error2,6,20,5
43,error3,6,20,5
43,error1,6,4,6
43,error3,22,15,6
43,error1,16,13,7
43,error5,13,14,7
43,error1,6,19,7
43,error2,6,3,8
43,error3,6,3,8
43,error3,2,5,8
43,error2,21,6,8
43,error3,4,20,8
43,error1,16,15,9
43,error1,23,16,9
43,error5,6,2,10
43,error1,6,1,11
43,error1,1,6,11
43,error3,7,9,11
43,error2,18,11,11
43,error2,6,16,11
43,error3,6,16,11
43,error1,18,26,11
43,error4,5,15,12
44,error4,9,27,1
44,error1,14,4,2
44,error3,19,11,2
44,error1,18,25,2
44,error2,12,1,3
44,error4,14,6,3
44,error2,6,15,3
44,error3,6,15,3
44,error1,5,3,4
44,error1,15,3,4
44,error4,11,5,4
44,error4,6,6,4
44,error4,7,18,4
44,error1,6,13,6
44,error1,20,13,6
44,error5,15,2,7
44,error2,6,28,7
44,error3,6,28,7
44,error4,15,5,8
44,error3,21,14,8
44,error1,6,27,8
44,error2,8,1,9
44,error2,1,23,9
44,error1,22,25,9
44,error4,21,27,9
44,error3,9,3,10
44,error5,14,14,10
44,error2,22,22,10
44,error4,1,14,11
44,error3,14,22,11
44,error3,1,25,12
44,error2,20,25,12
45,error1,1,20,1
45,error2,4,21,1
45,error2,6,21,1
45,error3,6,21,1
45,error1,15,21,1
45,error2,3,8,2
45,error2,10,8,2
45,error4,3,12,2
45,error5,6,20,2
45,error5,13,23,2
45,error3,14,28,2
45,error4,20,28,3
45,error2,19,29,3
45,error3,1,26,4
45,error2,17,11,5
45,error2,7,20,5
45,error5,6,21,5
45,error1,11,24,5
45,error1,10,11,6
45,error2,13,20,6
45,error5,6,20,7
45,error2,4,3,8
45,error3,15,3,8
45,error4,19,12,8
45,error2,6,4,9
45,error1,6,2,10
45,error4,22,7,10
45,error5,6,18,10
45,error1,4,27,10
45,error3,12,31,10
45,error1,6,2,11
45,error3,17,14,11
45,error2,18,9,12
45,error2,3,19,12
45,error3,17,27,12
45,error1,23,29,12
45,error3,20,30,12
46,error2,6,21,2
46,error3,6,21,2
46,error1,8,22,2
46,error2,13,22,2
46,error3,7,9,3
46,error2,10,17,3
46,error1,14,8,5
46,error2,13,12,5
46,error1,0,17,6
46,error5,1,27,6
46,error1,9,8,7
46,error5,0,5,8
46,error1,16,9,8
46,error2,4,17,8
46,error4,2,22,8
46,error2,14,30,8
46,error3,18,4,9
46,error3,18,9,9
46,error1,21,12,9
46,error3,5,12,10
46,error2,18,19,10
46,error4,8,23,10
46,error1,17,23,10
46,error4,9,24,10
46,error1,19,28,10
46,error2,17,8,11
46,error2,6,18,11
46,error3,6,18,11
46,error4,18,26,12
47,error3,20,3,1
47,error1,19,14,1
47,error3,23,22,1
47,error4,6,23,1
47,error4,2,10,2
47,error1,22,11,3
47,error4,20,15,3
47,error3,3,21,3
47,error1,6,24,3
47,error4,10,30,3
47,error2,6,8,4
47,error3,6,8,4
47,error4,18,25,4
47,error1,23,21,5
47,error1,13,25,5
47,error4,6,22,6
47,error2,6,7,7
47,error3,6,7,7
47,error2,13,31,7
47,error3,5,2,8
47,error1,6,6,8
47,error1,5,8,8
47,error3,15,14,8
47,error2,8,29,8
47,error2,23,2,9
47,error4,5,6,9
47,error4,6,20,9
47,error2,9,4,10
47,error2,6,20,10
47,error3,6,20,10
47,error2,21,6,11
47,error1,23,10,11
47,error2,6,19,11
47,error3,6,19,11
47,error1,19,22,11
47,error5,21,28,11
47,error1,13,29,11
47,error2,6,19,12
47,error3,6,19,12
48,error2,6,10,1
48,error3,6,10,1
48,error1,8,17,1
48,error1,21,1,2
48,error2,5,4,2
48,error2,2,10,2
48,error1,6,11,3
48,error3,20,26,3
48,error1,2,8,5
48,error2,6,10,5
48,error3,6,10,5
48,error5,5,2,6
48,error3,13,5,6
48,error1,1,11,6
48,error1,7,11,6
48,error2,6,9,7
48,error3,6,9,7
48,error1,6,24,7
48,error3,22,24,7
48,error4,10,7,8
48,error1,6,7,9
48,error4,14,15,9
48,error1,1,16,9
48,error3,21,16,9
48,error3,16,23,10
48,error2,14,27,10
48,error2,6,6,11
48,error3,6,6,11
48,error1,11,18,11
48,error4,15,27,11
49,error2,11,3,1
49,error2,14,13,1
49,error2,18,26,1
49,error2,15,28,1
49,error4,19,31,1
49,error1,11,1,2
49,error5,16,6,2
49,error2,6,15,2
49,error2,20,16,2
49,error1,22,19,2
49,error5,6,28,2
49,error5,17,6,3
49,error5,3,8,3
49,error3,19,14,3
49,error4,6,15,3
49,error3,17,18,3
49,error1,20,24,3
49,error1,22,25,3
49,error5,6,14,4
49,error2,6,14,5
49,error3,6,14,5
49,error5,2,16,5
49,error3,7,6,6
49,error4,1,18,6
49,error4,4,18,6
49,error5,6,13,7
49,error3,5,17,7
49,error4,6,28,7
49,error2,23,28,7
49,error1,4,9,8
49,error2,1,13,8
49,error5,6,25,8
49,error3,18,30,8
49,error2,20,10,9
49,error2,6,11,9
49,error3,6,11,9
49,error4,6,11,9
49,error4,8,9,10
49,error4,18,9,10
49,error5,6,11,10
49,error3,7,11,10
49,error1,18,19,10
49,error4,6,10,11
49,error5,7,10,11
49,error3,3,18,11
49,error2,6,25,11
49,error3,6,25,11
49,error1,15,30,11
49,error5,0,7,12
49,error2,15,19,12
49,error5,6,25,12
50,error3,15,13,1
50,error2,3,16,1
50,error3,2,28,1
50,error1,6,29,1
50,error1,9,30,1
50,error2,13,13,2
50,error2,15,30,3
50,error4,2,24,4
50,error5,19,27,4
50,error2,6,29,4
50,error3,6,29,4
50,error1,2,4,5
50,error1,6,24,5
50,error3,12,7,6
50,error1,11,2,7
50,error2,15,4,7
50,error3,23,12,7
50,error3,13,16,7
50,error3,13,25,7
50,error1,9,6,8
50,error1,4,13,8
50,error2,8,30,8
50,error4,1,8,9
50,error2,6,11,9
50,error3,6,11,9
50,error2,9,12,9
50,error2,14,20,9
50,error3,6,23,9
50,error1,11,25,9
50,error1,17,6,10
50,error3,8,10,10
50,error2,6,11,10
50,error3,6,11,10
50,error3,20,19,10
50,error1,8,22,10
50,error1,17,22,10
50,error1,10,3,11
50,error4,11,12,11
50,error2,18,15,11
50,error4,5,16,11
50,error1,0,23,12
50,error2,5,27,12
50,error1,12,28,12
51,error5,15,8,1
51,error4,12,20,1
51,error5,10,2,2
51,error4,2,16,2
51,error1,1,1,3
51,error5,6,1,3
51,error2,19,7,3
51,error3,9,8,3
51,error4,3,19,3
51,error2,8,19,3
51,error2,11,19,3
51,error2,6,31,3
51,error3,6,31,3
51,error4,16,31,3
51,error1,20,4,4
51,error1,8,18,4
51,error4,20,14,5
51,error3,12,23,5
51,error2,6,30,5
51,error3,6,30,5
51,error1,10,28,6
51,error2,6,29,6
51,error3,6,29,6
51,error1,6,1,7
51,error1,12,10,7
51,error5,6,14,7
51,error4,23,10,8
51,error2,6,12,9
51,error3,6,12,9
51,error1,19,17,9
51,error1,21,26,9
51,error5,6,27,9
51,error2,20,11,10
51,error2,21,18,10
51,error1,22,25,10
51,error5,6,26,11
51,error4,0,28,11
51,error2,6,11,12
51,error3,6,11,12
51,error4,21,13,12
52,error3,13,2,1
52,error2,6,18,1
52,error3,6,18,1
52,error5,6,18,1
52,error4,20,27,1
52,error2,7,11,2
52,error1,13,15,2
52,error5,15,17,2
52,error1,22,24,2
52,error3,2,2,3
52,error1,4,4,3
52,error1,3,19,3
52,error4,20,19,3
52,error2,14,20,3
52,error3,20,19,4
52,error5,23,14,6
52,error1,15,15,6
52,error3,2,20,6
52,error1,20,21,6
52,error2,13,27,6
52,error3,19,27,6
52,error2,0,28,6
52,error2,5,13,7
52,error1,18,15,7
52,error5,6,17,7
52,error3,21,18,7
52,error2,9,19,7
52,error2,4,27,7
52,error2,6,1,8
52,error3,6,1,8
52,error2,10,19,8
52,error2,6,20,8
52,error4,11,22,8
52,error3,23,4,9
52,error4,10,15,9
52,error1,4,28,9
52,error1,22,14,10
52,error2,6,21,10
52,error2,4,24,10
52,error1,6,30,10
52,error5,6,30,10
52,error1,10,28,11
52,error2,10,21,12
52,error4,10,22,12
52,error1,9,25,12
52,error5,6,29,12
53,error1,7,10,1
53,error2,8,18,1
53,error2,22,25,1
53,error2,17,7,2
53,error4,3,10,2
53,error2,0,16,2
53,error5,23,24,2
53,error3,1,1,3
53,error3,3,1,3
53,error5,9,6,3
53,error3,1,17,3
53,error1,22,22,3
53,error1,6,28,3
53,error2,14,14,4
53,error4,7,15,4
53,error1,18,23,4
53,error3,10,25,4
53,error1,22,4,5
53,error4,14,5,5
53,error2,6,12,5
53,error3,6,12,5
53,error5,18,8,6
53,error1,3,16,6
53,error1,5,19,6
53,error5,12,25,6
53,error1,6,11,7
53,error4,2,26,8
53,error1,6,9,10
53,error3,2,13,10
53,error1,7,18,10
53,error3,2,22,10
53,error2,5,24,10
53,error3,9,4,11
53,error2,6,8,11
53,error3,6,8,11
53,error1,22,12,11
53,error4,8,15,11
53,error3,18,3,12
53,error2,13,6,12
53,error2,6,8,12
53,error3,6,8,12
53,error4,3,9,12
53,error3,7,9,12
53,error2,10,27,12
53,error3,22,27,12
54,error5,18,13,1
54,error4,6,14,1
54,error4,16,17,1
54,error4,3,18,1
54,error1,21,21,1
54,error3,18,13,2
54,error4,14,9,3
54,error2,18,12,3
54,error4,7,25,3
54,error4,6,30,3
54,error2,1,9,4
54,error4,19,14,4
54,error1,23,19,4
54,error3,17,20,4
54,error2,6,29,4
54,error3,6,29,4
54,error1,4,14,5
54,error3,10,14,5
54,error1,16,15,6
54,error1,14,19,6
54,error3,9,21,6
54,error4,6,28,6
54,error3,1,1,7
54,error2,1,18,7
54,error1,0,22,7
54,error3,19,24,7
54,error2,3,20,8
54,error2,14,21,8
54,error5,11,22,8
54,error2,15,24,8
54,error4,5,11,9
54,error4,20,17,9
54,error2,2,10,10
54,error4,4,29,10
54,error4,10,30,10
54,error1,15,2,11
54,error2,6,3,11
54,error1,2,4,11
54,error3,14,12,11
54,error2,0,20,11
54,error2,17,20,11
54,error4,15,25,11
54,error3,1,12,12
54,error2,6,25,12
54,error3,6,25,12
54,error4,10,27,12
55,error5,1,14,1
55,error3,9,18,1
55,error1,13,19,1
55,error2,10,31,1
55,error3,16,4,3
55,error5,6,6,3
55,error1,18,10,3
55,error4,1,29,3
55,error1,5,9,4
55,error2,6,20,4
55,error3,6,20,4
55,error2,1,3,5
55,error5,6,4,6
55,error3,23,4,6
55,error1,6,19,6
55,error1,4,15,7
55,error1,6,3,8
55,error4,17,6,8
55,error1,16,15,8
55,error5,6,18,8
55,error1,21,24,8
55,error1,18,1,9
55,error2,6,2,9
55,error3,6,2,9
55,error1,20,5,9
55,error1,0,7,9
55,error2,9,16,9
55,error3,14,18,9
55,error4,16,23,9
55,error1,14,10,10
55,error1,16,7,11
55,error3,6,11,11
55,error5,9,14,11
55,error4,15,30,11
55,error1,6,1,12
55,error3,6,21,12
55,error3,19,21,12
56,error4,6,13,1
56,error3,0,28,1
56,error3,23,7,2
56,error2,6,8,2
56,error1,0,27,2
56,error4,6,14,3
56,error2,15,17,3
56,error1,6,13,4
56,error1,19,14,4
56,error4,13,15,4
56,error2,6,28,4
56,error3,6,28,4
56,error2,23,22,5
56,error1,0,24,5
56,error3,19,11,6
56,error4,6,12,6
56,error2,7,28,6
56,error4,10,8,7
56,error3,6,16,7
56,error1,12,5,8
56,error3,15,13,8
56,error4,14,21,8
56,error2,12,9,9
56,error4,3,21,9
56,error3,1,22,9
56,error2,6,25,9
56,error3,6,25,9
56,error4,6,25,9
56,error4,10,12,10
56,error2,9,6,11
56,error1,6,9,11
56,error4,22,9,11
56,error4,11,16,11
56,error2,6,24,11
56,error3,6,24,11
56,error1,4,13,12
56,error3,1,19,12
56,error1,6,24,12
57,error2,11,19,1
57,error1,6,6,2
57,error2,12,11,2
57,error4,21,5,3
57,error2,4,7,3
57,error3,19,11,3
57,error1,16,31,3
57,error1,10,2,4
57,error4,4,5,4
57,error3,10,23,4
57,error3,5,28,4
57,error2,11,2,5
57,error2,23,10,5
57,error2,18,28,5
57,error2,8,8,6
57,error2,23,13,6
57,error4,1,19,6
57,error4,12,22,7
57,error3,0,16,8
57,error1,12,17,8
57,error1,8,22,9
57,error4,1,4,10
57,error3,21,9,10
57,error2,7,12,10
57,error1,13,21,10
57,error1,6,3,11
57,error2,8,4,11
57,error4,17,27,11
57,error1,21,6,12
57,error2,19,13,12
57,error4,15,14,12
57,error1,20,16,12
57,error1,12,17,12
58,error3,7,7,1
58,error4,5,8,1
58,error1,4,14,1
58,error4,6,30,1
58,error2,18,6,2
58,error1,12,15,2
58,error1,1,25,2
58,error1,1,20,3
58,error4,6,30,4
58,error1,6,15,5
58,error3,22,21,5
58,error3,16,27,5
58,error2,6,30,5
58,error3,6,30,5
58,error1,14,31,5
58,error5,5,7,7
58,error4,6,29,7
58,error3,11,30,7
58,error1,21,5,8
58,error3,9,29,8
58,error2,7,5,9
58,error5,7,12,9
58,error2,22,21,9
58,error2,17,22,9
58,error1,9,25,9
58,error1,18,25,9
58,error4,6,27,9
58,error1,16,6,10
58,error4,20,9,10
58,error2,0,16,10
58,error1,9,7,11
58,error2,8,16,11
58,error2,1,8,12
58,error2,6,11,12
58,error3,6,11,12
59,error2,2,3,1
59,error4,2,12,1
59,error4,9,19,1
59,error4,8,29,1
59,error1,14,1,2
59,error1,19,2,2
59,error1,0,3,2
59,error5,6,3,2
59,error1,15,9,2
59,error1,16,17,2
59,error3,3,22,2
59,error1,12,25,2
59,error1,7,29,3
59,error5,6,4,4
59,error3,7,5,4
59,error2,6,21,4
59,error3,12,2,5
59,error2,9,17,5
59,error5,6,19,5
59,error4,21,20,5
59,error2,1,5,6
59,error4,1,5,7
59,error2,11,5,7
59,error1,6,18,7
59,error2,6,2,8
59,error3,6,2,8
59,error5,6,17,8
59,error2,2,23,8
59,error2,13,27,8
59,error2,6,16,10
59,error3,6,16,10
59,error1,12,25,10
59,error3,17,30,10
59,error3,14,24,12
59,error4,13,29,12
60,error1,8,2,1
60,error3,10,12,1
60,error3,8,16,1
60,error3,22,22,1
60,error3,7,24,1
60,error2,6,29,1
60,error3,6,29,1
60,error4,19,16,2
60,error2,14,20,2
60,error3,15,21,2
60,error1,17,14,3
60,error2,11,19,3
60,error1,3,22,3
60,error5,8,31,3
60,error1,12,3,4
60,error2,16,6,4
60,error2,6,14,4
60,error3,6,14,4
60,error4,10,5,5
60,error1,22,10,5
60,error1,7,16,5
60,error4,13,22,5
60,error2,1,26,5
60,error2,13,1,6
60,error4,4,7,6
60,error2,1,10,6
60,error1,9,18,6
60,error2,23,25,6
60,error2,23,2,7
60,error4,20,15,7
60,error4,20,19,7
60,error2,6,28,7
60,error3,6,28,7
60,error1,10,26,8
60,error4,20,10,9
60,error2,6,11,9
60,error3,6,11,9
60,error1,20,13,9
60,error2,5,2,10
60,error2,23,6,10
60,error3,11,18,10
60,error4,2,23,10
60,error1,8,22,11
61,error3,7,13,1
61,error1,11,8,2
61,error2,6,26,2
61,error3,6,26,2
61,error3,0,15,3
61,error1,15,21,3
61,error1,23,14,4
61,error3,15,21,4
61,error1,1,26,4
61,error5,5,30,4
61,error2,3,13,5
61,error1,0,26,7
61,error1,23,26,7
61,error4,15,5,8
61,error2,6,10,8
61,error3,6,10,8
61,error1,18,11,8
61,error1,3,15,8
61,error1,6,20,8
61,error3,23,27,8
61,error2,7,24,9
61,error1,14,24,9
61,error3,14,26,9
61,error1,6,24,10
61,error1,0,29,10
61,error5,9,31,10
61,error2,16,5,11
61,error4,0,23,11
61,error2,6,23,11
61,error3,6,23,11
61,error4,14,27,11
61,error5,8,1,12
61,error2,8,6,12
61,error1,17,15,12
62,error1,6,12,1
62,error4,10,22,1
62,error5,6,27,1
62,error1,22,19,2
62,error3,20,21,2
62,error1,14,14,3
62,error4,18,19,3
62,error3,19,28,3
62,error3,23,9,5
62,error5,6,27,5
62,error2,6,26,6
62,error3,6,26,6
62,error4,9,14,7
62,error1,6,10,8
62,error3,18,27,8
62,error4,19,31,8
62,error4,23,22,9
62,error1,3,30,9
62,error2,14,10,10
62,error1,8,14,10
62,error2,6,5,11
62,error4,10,5,11
62,error5,6,8,12
62,error4,0,19,12
62,error2,13,19,12
62,error2,6,23,12
62,error3,6,23,12
62,error4,11,23,12
63,error2,4,19,1
63,error1,6,27,1
63,error2,6,27,1
63,error3,6,27,1
63,error4,4,4,2
63,error1,17,9,2
63,error3,17,11,2
63,error5,13,15,2
63,error2,18,20,2
63,error3,1,27,2
63,error1,9,4,3
63,error4,3,5,3
63,error2,20,12,3
63,error5,6,13,3
63,error1,3,28,3
63,error3,18,30,3
63,error3,10,16,4
63,error5,21,9,5
63,error5,6,12,5
63,error1,9,14,5
63,error2,2,20,5
63,error4,7,25,5
63,error3,22,25,5
63,error2,6,27,5
63,error3,6,27,5
63,error1,8,15,6
63,error4,8,16,6
63,error3,18,23,6
63,error2,19,29,6
63,error5,6,26,7
63,error1,13,5,8
63,error1,16,8,8
63,error2,8,16,8
63,error4,20,28,8
63,error4,11,2,9
63,error4,14,2,9
63,error1,23,12,9
63,error5,14,14,9
63,error1,12,18,9
63,error1,14,27,9
63,error3,0,29,9
63,error5,6,20,10
63,error5,6,24,10
63,error4,11,29,10
63,error2,6,8,11
63,error3,6,8,11
63,error1,17,14,11
63,error3,8,6,12
63,error1,23,6,12
63,error2,3,15,12
64,error5,6,4,1
64,error1,16,6,1
64,error1,21,9,1
64,error2,6,19,1
64,error3,6,19,1
64,error2,11,23,1
64,error1,13,24,1
64,error2,17,3,2
64,error5,6,18,2
64,error1,12,19,2
64,error2,23,24,2
64,error1,20,1,3
64,error1,23,1,3
64,error3,23,11,3
64,error3,23,26,3
64,error2,6,4,4
64,error3,6,4,4
64,error5,17,28,4
64,error5,6,4,5
64,error1,0,7,5
64,error2,14,25,5
64,error3,20,11,6
64,error2,0,15,6
64,error1,14,2,9
64,error5,6,16,9
64,error4,20,29,9
64,error1,15,2,10
64,error3,13,5,10
64,error3,2,6,10
64,error2,6,16,10
64,error3,6,16,10
64,error2,5,28,10
64,error1,6,14,11
64,error2,18,2,12
64,error2,7,6,12
64,error1,4,15,12
64,error1,6,30,12
65,error2,18,4,1
65,error4,6,6,1
65,error1,3,17,1
65,error4,5,1,2
65,error2,8,28,2
65,error2,11,11,3
65,error1,6,16,3
65,error4,3,22,3
65,error4,1,23,3
65,error4,18,29,3
65,error4,9,31,3
65,error1,0,24,4
65,error2,9,15,5
65,error4,6,17,5
65,error3,13,19,5
65,error3,0,20,5
65,error1,6,30,5
65,error3,2,18,6
65,error5,6,29,6
65,error2,20,15,7
65,error2,13,22,7
65,error1,6,13,8
65,error2,6,13,8
65,error3,6,13,8
65,error1,18,20,8
65,error1,17,21,8
65,error4,0,22,8
65,error2,21,31,8
65,error5,6,12,9
65,error1,13,2,10
65,error4,3,2,11
65,error4,18,15,11
65,error2,5,24,11
65,error2,17,9,12
65,error4,1,11,12
66,error1,4,11,1
66,error1,11,21,1
66,error1,22,5,2
66,error3,10,8,2
66,error1,6,17,2
66,error3,23,6,3
66,error4,19,15,3
66,error3,1,16,3
66,error3,3,13,4
66,error2,11,14,4
66,error3,16,19,4
66,error1,9,1,5
66,error2,6,3,5
66,error2,14,9,5
66,error1,6,18,5
66,error2,6,18,5
66,error3,6,18,5
66,error1,3,20,5
66,error3,18,30,5
66,error1,0,3,6
66,error1,5,3,6
66,error2,10,16,6
66,error4,22,22,6
66,error1,18,28,6
66,error1,8,14,7
66,error4,20,29,7
66,error2,7,1,8
66,error4,2,2,8
66,error1,21,5,8
66,error4,6,7,8
66,error3,12,8,9
66,error2,6,27,9
66,error1,6,30,9
66,error2,15,4,10
66,error4,8,30,10
66,error4,6,11,11
66,error2,7,14,11
66,error1,17,26,11
66,error2,21,5,12
66,error1,20,10,12
66,error1,6,14,12
66,error2,8,15,12
66,error4,4,21,12
67,error2,6,15,1
67,error3,6,15,1
67,error1,17,24,1
67,error1,13,2,2
67,error3,9,12,2
67,error5,19,14,2
67,error3,5,20,2
67,error3,12,8,3
67,error2,6,16,3
67,error3,6,16,3
67,error2,23,8,4
67,error3,6,11,5
67,error3,4,12,5
67,error3,6,24,5
67,error5,6,30,5
67,error2,20,3,6
67,error3,4,4,6
67,error1,6,14,6
67,error2,6,14,7
67,error3,6,14,7
67,error1,0,23,7
67,error4,12,29,7
67,error5,20,2,8
67,error2,22,16,8
67,error5,6,28,8
67,error2,7,3,9
67,error2,6,12,9
67,error3,6,12,9
67,error5,16,16,9
67,error1,11,18,9
67,error1,6,27,9
67,error3,14,29,9
67,error2,6,12,10
67,error3,6,12,10
67,error1,1,9,11
67,error1,5,24,11
67,error4,17,2,12
67,error1,10,15,12
67,error4,1,21,12
68,error1,6,2,1
68,error1,1,5,1
68,error4,16,8,1
68,error1,14,17,1
68,error3,9,5,2
68,error3,16,9,2
68,error3,22,27,2
68,error4,16,1,3
68,error1,7,11,3
68,error1,12,31,3
68,error2,6,1,4
68,error3,6,1,4
68,error1,7,2,4
68,error2,9,4,4
68,error1,3,17,4
68,error1,4,26,4
68,error3,6,30,4
68,error5,18,9,5
68,error4,21,14,5
68,error2,3,24,5
68,error2,16,24,5
68,error3,17,11,6
68,error1,13,22,6
68,error4,15,26,6
68,error4,17,13,8
68,error2,6,14,8
68,error3,6,14,8
68,error3,7,28,8
68,error1,13,8,9
68,error2,14,21,9
68,error3,10,26,9
68,error2,12,14,11
68,error1,6,27,11
68,error3,19,9,12
68,error2,6,12,12
68,error3,6,12,12
68,error3,23,22,12
68,error3,9,24,12
69,error2,6,4,1
69,error3,6,4,1
69,error2,9,14,1
69,error4,6,19,1
69,error5,6,3,2
69,error2,6,10,2
69,error3,19,28,2
69,error4,8,1,3
69,error3,0,15,3
69,error1,3,19,3
69,error4,13,29,3
69,error2,9,4,4
69,error5,6,19,4
69,error1,15,23,4
69,error2,15,27,4
69,error2,6,19,5
69,error3,6,19,5
69,error2,2,31,5
69,error2,5,15,6
69,error1,18,16,6
69,error1,4,28,6
69,error1,9,1,7
69,error4,11,9,7
69,error4,1,28,7
69,error3,2,2,8
69,error4,6,2,8
69,error2,15,5,8
69,error5,18,6,8
69,error2,6,17,8
69,error3,6,17,8
69,error3,17,24,8
69,error5,6,1,9
69,error4,22,25,9
69,error4,12,1,10
69,error5,6,16,10
69,error2,19,18,10
69,error4,14,24,10
69,error5,12,30,10
69,error4,6,31,10
69,error4,13,1,11
69,error2,19,23,11
69,error2,1,24,12
69,error2,0,29,12
70,error1,6,27,1
70,error3,20,8,2
70,error3,12,25,2
70,error5,17,1,3
70,error2,10,6,3
70,error3,16,27,3
70,error3,12,20,4
70,error5,16,24,4
70,error1,20,5,5
70,error2,6,27,5
70,error3,6,27,5
70,error3,6,29,5
70,error1,10,2,6
70,error3,2,21,6
70,error4,10,25,6
70,error1,1,30,6
70,error1,6,11,7
70,error2,13,13,7
70,error3,10,1,8
70,error1,3,8,8
70,error3,2,12,9
70,error3,6,12,9
70,error4,20,18,9
70,error3,2,6,10
70,error3,21,18,10
70,error4,3,31,10
70,error1,6,8,11
70,error2,15,10,11
70,error3,5,11,11
70,error4,19,11,11
70,error1,22,12,11
70,error3,9,21,11
70,error2,4,26,11
70,error3,3,8,12
70,error2,6,8,12
70,error3,6,8,12
70,error2,10,17,12
71,error3,18,3,1
71,error2,6,10,1
71,error3,6,10,1
71,error4,23,14,1
71,error4,6,25,1
71,error5,6,25,1
71,error2,16,27,1
71,error1,6,9,2
71,error2,6,24,2
71,error3,6,24,2
71,error1,11,5,3
71,error1,15,8,3
71,error4,6,11,3
71,error4,16,16,3
71,error1,6,26,3
71,error2,6,25,4
71,error3,6,25,4
71,error3,23,5,5
71,error3,13,20,5
71,error4,17,7,6
71,error5,6,9,6
71,error1,7,21,6
71,error4,6,24,6
71,error2,13,28,6
71,error4,7,8,7
71,error2,2,12,7
71,error5,6,24,7
71,error2,2,31,7
71,error2,19,1,8
71,error2,0,8,8
71,error5,0,18,9
71,error4,6,22,9
71,error5,6,7,10
71,error4,18,12,10
71,error4,2,17,10
71,error2,2,22,10
71,error3,3,26,10
71,error3,19,27,10
71,error1,21,28,10
71,error4,9,17,11
71,error1,10,21,11
71,error4,7,4,12
71,error1,2,10,12
71,error2,18,27,12
71,error5,4,29,12
72,error2,12,1,1
72,error1,4,3,1
72,error4,17,17,1
72,error3,3,15,2
72,error1,5,25,2
72,error3,7,25,2
72,error1,6,23,3
72,error1,3,21,4
72,error3,2,26,4
72,error3,3,29,4
72,error2,8,12,5
72,error2,18,15,5
72,error3,8,23,5
72,error1,12,24,5
72,error1,16,2,6
72,error1,19,14,6
72,error1,12,22,6
72,error1,8,1,7
72,error1,13,3,7
72,error1,15,7,7
72,error1,1,17,7
72,error2,8,3,8
72,error1,13,6,8
72,error2,0,11,8
72,error1,6,4,9
72,error3,12,9,9
72,error5,5,15,9
72,error4,7,15,9
72,error2,4,19,9
72,error4,5,25,9
72,error1,16,27,9
72,error2,18,3,10
72,error1,23,23,10
72,error2,20,24,10
72,error1,3,3,11
72,error4,19,17,11
72,error5,18,23,11
72,error4,5,27,11
72,error4,12,27,11
72,error1,6,4,12
72,error5,12,22,12
72,error2,23,22,12
73,error4,6,1,1
73,error3,13,4,1
73,error2,8,10,1
73,error1,6,4,2
73,error3,22,11,2
73,error5,0,15,2
73,error5,6,15,2
73,error2,3,16,2
73,error2,17,27,2
73,error5,18,27,2
73,error1,17,3,3
73,error3,0,17,3
73,error5,4,22,3
73,error1,1,23,3
73,error1,6,1,4
73,error4,23,13,4
73,error4,9,15,4
73,error5,6,16,4
73,error2,12,22,4
73,error4,6,1,5
73,error4,16,1,5
73,error1,6,16,5
73,error1,1,3,6
73,error1,1,6,6
73,error1,18,22,6
73,error2,16,2,7
73,error4,11,13,7
73,error1,6,15,7
73,error1,8,6,8
73,error1,19,22,8
73,error3,21,27,8
73,error4,6,29,8
73,error5,8,31,8
73,error5,6,13,9
73,error2,1,18,10
73,error4,6,12,11
73,error1,6,27,11
73,error2,21,18,12
73,error1,2,30,12
74,error1,15,15,1
74,error1,6,22,1
74,error2,21,1,3
74,error2,6,8,3
74,error3,6,8,3
74,error3,12,8,3
74,error3,8,15,3
74,error5,4,19,3
74,error1,4,31,3
74,error1,0,1,5
74,error2,6,7,5
74,error3,6,7,5
74,error1,5,9,5
74,error4,14,26,5
74,error3,5,27,5
74,error2,1,29,5
74,error1,21,13,6
74,error2,6,21,6
74,error3,6,21,6
74,error2,16,26,6
74,error4,20,2,7
74,error1,17,13,7
74,error1,18,17,7
74,error2,6,21,7
74,error3,6,21,7
74,error2,4,1,8
74,error5,11,1,8
74,error4,9,7,8
74,error4,4,30,8
74,error2,6,19,10
74,error3,6,19,10
74,error2,10,5,11
74,error1,11,7,11
74,error3,0,28,11
74,error4,15,10,12
74,error3,6,22,12
75,error1,12,1,1
75,error1,5,4,1
75,error1,6,6,1
75,error1,1,8,1
75,error3,9,10,1
75,error4,8,14,1
75,error4,13,2,2
75,error5,6,5,2
75,error2,21,25,2
75,error2,16,5,3
75,error3,13,21,3
75,error1,17,5,4
75,error3,19,5,4
75,error1,6,6,4
75,error2,12,5,5
75,error5,6,6,5
75,error4,10,13,5
75,error3,4,25,5
75,error2,6,5,6
75,error3,6,5,6
75,error1,8,24,6
75,error2,6,20,7
75,error3,6,20,7
75,error1,5,23,7
75,error2,17,12,8
75,error3,6,15,8
75,error2,6,19,8
75,error3,6,19,8
75,error5,6,3,9
75,error1,23,4,9
75,error2,19,8,9
75,error1,14,12,9
75,error3,4,28,9
75,error2,6,18,10
75,error3,6,18,10
75,error2,21,14,11
75,error3,0,26,11
75,error3,5,19,12
76,error5,8,1,1
76,error4,6,17,1
76,error1,5,19,1
76,error1,16,26,1
76,error1,6,1,2
76,error1,17,9,2
76,error3,19,23,2
76,error2,6,3,3
76,error3,6,3,3
76,error1,6,18,3
76,error1,16,23,3
76,error4,6,2,4
76,error1,2,15,4
76,error2,6,2,5
76,error3,6,2,5
76,error1,4,24,5
76,error2,0,31,5
76,error1,3,31,5
76,error2,6,11,7
76,error1,15,26,7
76,error2,22,8,8
76,error4,6,15,8
76,error1,4,2,9
76,error2,23,18,9
76,error1,22,21,9
76,error4,6,29,9
76,error3,2,8,10
76,error2,2,9,10
76,error1,4,3,11
76,error1,1,10,11
76,error4,6,28,11
76,error4,8,28,12
77,error1,0,1,2
77,error2,3,15,2
77,error4,17,25,2
77,error2,14,6,3
77,error2,15,21,4
77,error5,7,23,4
77,error4,16,14,5
77,error2,9,16,5
77,error1,20,5,6
77,error4,16,5,8
77,error1,20,7,8
77,error1,13,2,9
77,error4,13,3,9
77,error1,20,3,9
77,error2,20,4,9
77,error1,8,8,10
77,error3,20,16,10
77,error1,13,22,11
77,error1,7,3,12
77,error1,15,17,12
77,error4,8,20,12
77,error1,7,22,12
78,error3,5,9,1
78,error2,8,12,1
78,error2,2,13,1
78,error4,8,13,1
78,error2,21,13,1
78,error1,8,17,1
78,error1,1,22,1
78,error3,4,4,2
78,error5,6,4,2
78,error1,15,11,2
78,error5,0,14,2
78,error4,12,15,2
78,error2,6,19,2
78,error3,6,19,2
78,error3,7,23,2
78,error1,6,6,3
78,error5,10,9,3
78,error1,15,28,3
78,error3,23,28,3
78,error3,7,4,4
78,error3,17,13,4
78,error2,11,16,4
78,error2,7,17,4
78,error2,17,17,4
78,error1,21,21,4
78,error3,16,26,4
78,error5,18,29,4
78,error2,13,28,5
78,error4,21,28,5
78,error2,1,3,6
78,error5,6,4,6
78,error5,4,11,6
78,error3,23,25,6
78,error3,5,30,6
78,error2,21,2,7
78,error1,6,4,7
78,error3,5,10,7
78,error5,6,19,7
78,error2,1,23,7
78,error2,6,23,7
78,error1,15,18,8
78,error5,6,2,9
78,error1,0,12,9
78,error2,11,3,10
78,error2,6,4,10
78,error3,7,6,10
78,error5,6,1,11
78,error1,4,3,11
78,error4,5,9,11
78,error3,12,9,12
78,error4,3,10,12
78,error1,10,14,12
78,error2,6,16,12
78,error3,6,16,12
79,error3,15,8,1
79,error1,11,15,2
79,error2,6,2,3
79,error3,6,2,3
79,error3,15,6,3
79,error5,6,17,3
79,error3,3,24,3
79,error1,6,1,4
79,error1,21,26,4
79,error3,9,27,4
79,error1,22,1,5
79,error4,21,5,5
79,error3,9,11,5
79,error5,6,16,5
79,error2,4,17,5
79,error3,1,7,6
79,error4,17,11,6
79,error2,6,15,6
79,error3,6,15,6
79,error1,6,30,6
79,error2,7,26,7
79,error5,17,31,7
79,error1,17,9,8
79,error2,8,10,8
79,error2,10,29,8
79,error2,9,6,9
79,error3,15,8,9
79,error2,8,11,9
79,error2,6,13,9
79,error3,6,13,9
79,error4,0,14,9
79,error5,1,26,9
79,error2,21,26,9
79,error3,22,26,9
79,error5,6,28,9
79,error1,13,28,9
79,error3,14,2,10
79,error1,16,2,10
79,error2,22,4,10
79,error3,21,14,10
79,error4,0,22,10
79,error1,0,9,11
79,error3,18,11,11
79,error3,0,28,11
79,error5,6,12,12
79,error1,20,16,12
79,error1,0,17,12
79,error2,5,17,12
79,error4,16,25,12
79,error2,4,30,12
80,error4,2,12,1
80,error5,21,24,1
80,error1,15,5,2
80,error3,17,9,2
80,error3,13,21,2
80,error3,15,14,3
80,error4,12,16,3
80,error1,12,20,3
80,error4,7,2,4
80,error1,15,7,4
80,error3,16,12,4
80,error3,4,23,4
80,error1,9,2,5
80,error4,2,13,5
80,error4,12,14,5
80,error2,15,14,5
80,error1,17,13,6
80,error2,4,7,7
80,error2,6,11,7
80,error3,6,11,7
80,error3,8,17,7
80,error4,7,4,8
80,error5,19,6,8
80,error4,15,11,8
80,error2,9,12,8
80,error2,10,14,8
80,error2,8,26,8
80,error2,6,9,9
80,error3,6,9,9
80,error2,5,13,9
80,error1,15,22,9
80,error1,15,30,9
80,error4,7,7,10
80,error2,0,17,10
80,error1,21,24,10
80,error2,6,8,11
80,error3,6,8,11
80,error4,8,14,11
80,error4,16,22,11
80,error4,8,28,11
80,error2,6,8,12
80,error3,6,8,12
80,error1,15,20,12
80,error3,15,31,12
81,error1,6,1,1
81,error2,6,16,1
81,error3,6,16,1
81,error4,18,19,1
81,error4,23,24,1
81,error1,6,15,2
81,error4,12,17,2
81,error1,0,2,3
81,error2,6,2,3
81,error3,6,2,3
81,error1,19,9,3
81,error1,23,9,4
81,error2,6,16,4
81,error3,6,16,4
81,error1,8,24,4
81,error2,21,24,4
81,error4,11,5,5
81,error1,14,5,5
81,error3,21,7,5
81,error5,20,9,5
81,error1,14,19,5
81,error1,19,19,5
81,error2,2,23,5
81,error2,6,15,6
81,error3,6,15,6
81,error4,20,22,6
81,error1,0,29,7
81,error1,18,5,8
81,error2,6,19,8
81,error2,6,29,8
81,error5,11,18,9
81,error1,1,21,9
81,error1,8,28,9
81,error1,1,7,10
81,error4,16,7,10
81,error2,6,13,10
81,error3,6,13,10
81,error1,8,14,10
81,error4,22,14,10
81,error1,22,16,10
81,error2,21,27,10
81,error2,13,8,11
81,error2,13,16,11
81,error2,1,9,12
81,error3,2,11,12
81,error2,6,12,12
81,error3,6,12,12
81,error1,23,14,12
81,error1,2,24,12
81,error1,17,24,12
81,error4,20,27,12
82,error2,3,5,1
82,error4,5,10,1
82,error2,0,21,1
82,error1,6,27,1
82,error3,11,27,1
82,error1,21,5,2
82,error5,18,23,2
82,error2,17,25,2
82,error5,6,6,3
82,error3,23,8,3
82,error1,6,19,3
82,error4,1,22,3
82,error2,2,24,3
82,error1,13,25,3
82,error1,6,28,3
82,error1,19,13,4
82,error2,14,23,4
82,error4,0,24,4
82,error1,6,12,5
82,error4,0,18,5
82,error1,15,20,5
82,error3,6,19,6
82,error4,6,11,7
82,error2,7,3,8
82,error1,23,13,8
82,error4,13,9,9
82,error2,6,18,10
82,error1,14,29,10
82,error3,14,25,11
82,error1,14,6,12
82,error2,6,8,12
82,error3,6,8,12
82,error4,15,27,12
83,error5,6,15,1
83,error2,12,30,1
83,error1,11,12,2
83,error1,17,9,3
83,error5,6,16,3
83,error1,6,9,4
83,error3,22,19,4
83,error2,16,2,5
83,error5,6,15,5
83,error3,3,16,5
83,error2,17,19,5
83,error5,8,25,5
83,error2,6,30,5
83,error3,6,30,5
83,error5,22,31,5
83,error4,12,28,6
83,error3,14,12,7
83,error1,6,14,7
83,error5,6,14,7
83,error2,17,16,7
83,error4,4,22,7
83,error2,10,29,7
83,error2,6,13,8
83,error3,6,13,8
83,error5,15,20,8
83,error2,23,21,8
83,error4,17,26,8
83,error1,6,28,8
83,error1,20,28,8
83,error2,6,12,9
83,error3,6,12,9
83,error3,2,16,9
83,error3,4,29,9
83,error1,6,12,10
83,error3,18,16,10
83,error3,4,5,11
83,error5,19,6,11
83,error5,6,26,11
83,error2,4,28,11
83,error3,8,16,12
83,error3,15,21,12
83,error1,6,26,12
83,error2,6,26,12
83,error3,6,26,12
84,error2,6,4,1
84,error3,6,4,1
84,error4,13,9,1
84,error1,9,19,1
84,error1,6,3,2
84,error2,6,3,2
84,error3,6,3,2
84,error1,21,7,2
84,error1,6,18,2
84,error2,20,18,2
84,error2,8,15,3
84,error2,6,4,4
84,error3,6,4,4
84,error1,2,9,4
84,error4,13,10,4
84,error2,20,13,4
84,error1,7,21,4
84,error2,6,4,6
84,error5,4,9,6
84,error3,2,12,6
84,error1,2,12,6
84,error4,13,13,6
84,error1,0,2,7
84,error1,6,3,7
84,error1,13,6,7
84,error2,2,9,7
84,error5,2,19,7
84,error1,13,29,7
84,error3,13,31,8
84,error2,6,1,9
84,error3,6,1,9
84,error3,17,7,9
84,error3,8,8,9
84,error3,18,15,9
84,error3,4,29,9
84,error1,6,1,10
84,error1,5,4,10
84,error3,20,6,10
84,error1,2,17,10
84,error5,19,17,10
84,error1,9,26,10
84,error2,1,28,10
84,error1,3,30,12
85,error2,6,14,1
85,error3,6,14,1
85,error3,6,15,1
85,error2,2,23,1
85,error4,6,29,1
85,error1,7,8,2
85,error5,6,13,2
85,error2,2,15,2
85,error1,2,15,2
85,error5,20,28,2
85,error3,5,15,3
85,error2,1,25,3
85,error3,16,5,5
85,error4,6,29,5
85,error1,16,30,5
85,error3,17,31,5
85,error4,5,6,6
85,error4,1,21,6
85,error1,6,28,6
85,error4,11,7,7
85,error3,18,8,7
85,error3,7,13,7
85,error2,0,19,7
85,error2,0,5,8
85,error5,6,27,8
85,error2,9,31,8
85,error5,15,6,9
85,error5,4,7,9
85,error4,6,11,9
85,error1,15,13,9
85,error2,6,11,10
85,error3,6,11,10
85,error4,18,17,10
85,error2,2,24,10
85,error2,6,10,11
85,error3,6,10,11
85,error4,6,10,12
85,error2,22,10,12
85,error1,11,13,12
85,error5,6,25,12
86,error2,6,22,1
86,error3,6,22,1
86,error3,5,10,2
86,error3,0,11,2
86,error1,16,2,3
86,error4,3,7,4
86,error3,13,24,4
86,error1,0,11,5
86,error1,7,30,5
86,error4,7,17,6
86,error4,12,26,6
86,error5,6,14,7
86,error3,22,15,7
86,error4,23,27,7
86,error1,0,9,8
86,error2,1,14,8
86,error1,23,17,8
86,error3,23,20,8
86,error1,13,29,8
86,error1,6,4,9
86,error2,17,5,9
86,error3,18,5,10
86,error4,16,19,10
86,error2,6,18,11
86,error3,6,18,11
86,error2,12,28,11
86,error1,22,5,12
87,error1,20,1,1
87,error3,1,5,1
87,error3,7,16,1
87,error5,21,27,1
87,error1,23,1,2
87,error4,9,16,2
87,error4,15,24,2
87,error4,18,25,2
87,error1,15,7,3
87,error4,20,8,3
87,error4,6,12,3
87,error3,3,13,3
87,error3,7,14,3
87,error1,6,27,3
87,error2,6,26,4
87,error3,6,26,4
87,error4,14,26,4
87,error1,3,4,6
87,error4,13,13,6
87,error1,8,16,6
87,error2,10,17,6
87,error3,18,17,6
87,error4,6,25,6
87,error2,7,25,6
87,error1,9,5,7
87,error1,12,18,7
87,error2,7,31,7
87,error1,5,5,8
87,error1,6,9,8
87,error1,18,9,8
87,error3,1,13,8
87,error4,6,24,8
87,error4,14,24,9
87,error1,17,7,10
87,error1,21,9,10
87,error4,6,23,10
87,error2,18,23,10
87,error1,21,6,12
87,error4,6,22,12
88,error2,1,6,1
88,error5,6,18,1
88,error5,7,20,1
88,error4,13,23,1
88,error4,2,30,1
88,error2,4,31,1
88,error2,6,2,2
88,error3,6,2,2
88,error4,0,3,2
88,error4,17,3,2
88,error2,6,4,3
88,error3,6,4,3
88,error4,5,18,3
88,error2,6,3,4
88,error3,6,3,4
88,error2,6,9,4
88,error2,21,10,4
88,error4,11,19,4
88,error1,4,23,4
88,error3,22,6,5
88,error3,5,20,5
88,error2,9,9,6
88,error2,14,24,6
88,error1,6,2,7
88,error2,18,10,7
88,error3,17,11,7
88,error3,1,17,7
88,error1,20,26,7
88,error2,11,9,8
88,error3,10,30,8
88,error2,6,31,8
88,error3,6,31,8
88,error5,6,31,8
88,error2,22,3,9
88,error1,18,6,9
88,error3,17,23,9
88,error2,19,3,10
88,error2,8,12,10
88,error1,14,7,11
88,error1,6,17,11
88,error4,15,18,11
88,error1,16,18,11
88,error1,12,19,11
88,error2,6,29,11
88,error3,6,29,11
88,error5,6,29,11
88,error4,5,3,12
88,error3,7,5,12
88,error2,19,28,12
88,error1,6,29,12
89,error3,11,28,1
89,error1,6,6,2
89,error5,6,23,3
89,error3,0,8,4
89,error2,9,23,4
89,error2,5,1,5
89,error5,6,22,5
89,error3,15,27,5
89,error3,16,1,6
89,error2,15,12,6
89,error4,11,17,6
89,error1,6,21,6
89,error4,14,1,7
89,error3,23,8,7
89,error2,12,11,7
89,error2,6,21,7
89,error3,6,21,7
89,error5,12,2,8
89,error4,14,6,8
89,error3,19,15,8
89,error2,6,20,8
89,error3,6,20,8
89,error3,12,22,8
89,error2,0,2,9
89,error4,9,2,9
89,error5,11,1,11
89,error3,18,1,11
89,error2,6,18,11
89,error3,6,18,11
89,error2,0,27,11
89,error4,4,24,12
90,error2,11,5,1
90,error1,19,10,1
90,error1,21,14,1
90,error2,6,19,1
90,error3,6,19,1
90,error4,7,29,1
90,error4,0,1,2
90,error1,7,10,2
90,error1,18,13,2
90,error2,6,18,2
90,error3,6,18,2
90,error4,6,20,3
90,error1,4,24,3
90,error1,6,4,4
90,error1,12,20,4
90,error2,6,19,5
90,error3,6,19,5
90,error1,0,22,5
90,error4,6,3,6
90,error1,10,11,6
90,error2,2,14,6
90,error4,10,2,7
90,error1,3,7,7
90,error1,6,17,8
90,error4,6,17,8
90,error1,23,24,8
90,error1,21,29,8
90,error1,8,8,9
90,error4,7,19,9
90,error1,3,20,9
90,error4,4,1,10
90,error1,6,1,10
90,error4,6,31,10
90,error1,6,3,11
90,error2,9,17,11
90,error1,2,18,11
90,error1,8,28,11
90,error2,6,30,11
90,error3,6,30,11
90,error2,0,2,12
90,error1,6,30,12
91,error2,6,31,1
91,error3,6,31,1
91,error2,0,18,2
91,error4,21,20,2
91,error2,11,25,3
91,error3,3,27,3
91,error1,6,1,4
91,error3,7,16,4
91,error4,12,8,5
91,error4,2,13,5
91,error3,3,14,5
91,error2,0,19,5
91,error2,8,4,6
91,error1,6,15,6
91,error4,21,26,6
91,error1,3,27,6
91,error2,0,28,6
91,error2,6,30,6
91,error3,6,30,6
91,error2,9,12,7
91,error1,18,19,7
91,error4,15,27,7
91,error3,3,10,8
91,error1,19,18,8
91,error1,3,26,8
91,error1,20,12,9
91,error1,6,13,9
91,error2,14,25,9
91,error1,18,28,9
91,error5,20,6,10
91,error1,18,20,10
91,error3,4,24,10
91,error5,6,28,10
91,error3,13,14,11
91,error5,6,16,11
91,error4,15,30,11
91,error2,3,8,12
91,error1,11,8,12
91,error2,13,16,12
91,error1,3,19,12
91,error4,0,23,12
91,error4,18,31,12
92,error1,3,6,1
92,error3,14,7,1
92,error5,8,4,2
92,error1,6,9,2
92,error2,5,10,2
92,error4,6,18,2
92,error1,1,7,3
92,error3,20,7,3
92,error4,18,11,3
92,error3,7,16,3
92,error1,13,23,3
92,error2,3,27,3
92,error1,17,1,4
92,error3,8,9,4
92,error1,23,15,4
92,error1,6,19,4
92,error2,6,19,4
92,error3,6,19,4
92,error2,18,10,5
92,error4,6,19,5
92,error2,4,27,5
92,error4,22,30,5
92,error1,13,2,6
92,error2,2,5,6
92,error4,9,14,6
92,error1,6,20,6
92,error4,19,22,6
92,error4,6,3,7
92,error5,23,5,7
92,error4,6,17,8
92,error2,6,1,9
92,error3,6,1,9
92,error1,4,10,9
92,error1,7,21,9
92,error2,6,1,10
92,error3,6,1,10
92,error3,14,1,10
92,error2,4,10,10
92,error5,12,17,10
92,error3,9,30,10
92,error4,10,23,11
92,error1,12,29,11
92,error4,6,30,11
92,error4,0,4,12
92,error4,15,12,12
93,error4,21,11,1
93,error1,13,1,2
93,error3,16,12,2
93,error1,14,12,3
93,error5,6,16,3
93,error4,23,26,3
93,error2,6,31,3
93,error3,6,31,3
93,error1,6,15,4
93,error3,12,19,4
93,error2,6,30,4
93,error3,6,30,4
93,error5,6,15,5
93,error2,7,15,5
93,error4,9,24,5
93,error3,9,2,6
93,error3,20,7,6
93,error1,6,29,6
93,error1,11,31,7
93,error1,4,2,9
93,error2,13,2,9
93,error2,2,7,9
93,error3,17,16,9
93,error5,3,20,9
93,error3,7,26,9
93,error1,21,6,10
93,error3,23,8,10
93,error1,22,30,10
93,error1,21,7,12
93,error1,21,11,12
93,error2,10,13,12
94,error1,2,2,1
94,error5,7,2,1
94,error2,6,7,1
94,error3,6,7,1
94,error4,22,6,2
94,error1,13,16,2
94,error5,6,21,2
94,error2,10,22,2
94,error4,6,8,3
94,error4,14,28,3
94,error3,23,11,4
94,error1,3,29,4
94,error4,6,7,5
94,error5,6,22,5
94,error4,11,22,5
94,error5,14,22,5
94,error3,2,5,6
94,error2,21,28,6
94,error4,11,7,7
94,error3,16,14,7
94,error2,0,28,7
94,error4,10,29,7
94,error4,7,12,8
94,error2,1,20,8
94,error5,6,20,8
94,error4,15,20,8
94,error3,3,21,8
94,error4,23,26,8
94,error2,9,4,9
94,error1,3,18,9
94,error4,6,19,10
94,error2,19,1,11
94,error2,6,18,11
94,error3,6,18,11
94,error5,6,18,11
94,error5,20,24,11
94,error1,8,2,12
94,error1,1,5,12
94,error2,20,5,12
94,error3,0,8,12
94,error2,6,18,12
94,error3,6,18,12
94,error4,8,30,12
94,error3,23,31,12
95,error2,14,2,1
95,error4,20,25,1
95,error2,23,28,1
95,error4,14,5,2
95,error5,6,18,2
95,error4,20,3,3
95,error2,3,10,3
95,error1,4,16,3
95,error1,19,16,3
95,error3,4,17,3
95,error1,6,20,3
95,error2,6,20,3
95,error3,6,20,3
95,error1,14,21,3
95,error5,14,13,4
95,error4,6,19,4
95,error4,15,23,4
95,error1,6,4,5
95,error3,21,12,5
95,error4,19,20,5
95,error4,6,3,6
95,error4,12,6,6
95,error4,7,24,6
95,error2,19,13,8
95,error5,6,17,8
95,error2,1,19,8
95,error1,17,25,8
95,error1,8,7,9
95,error4,6,16,9
95,error1,2,9,10
95,error5,6,16,10
95,error5,12,28,10
95,error1,15,7,11
95,error2,8,19,11
95,error1,2,20,12
95,error3,16,23,12
95,error1,6,30,12
96,error3,10,5,1
96,error1,14,5,1
96,error4,6,16,2
96,error5,5,17,2
96,error3,22,25,2
96,error2,5,8,3
96,error1,15,11,3
96,error1,13,31,3
96,error3,15,3,4
96,error4,14,13,4
96,error4,2,20,4
96,error4,14,24,4
96,error5,3,1,5
96,error4,6,2,5
96,error3,22,3,5
96,error1,10,7,5
96,error2,6,19,5
96,error2,12,23,5
96,error2,15,24,5
96,error5,22,4,6
96,error5,2,6,6
96,error3,18,17,6
96,error2,16,13,7
96,error4,6,16,7
96,error4,3,29,7
96,error2,21,3,8
96,error3,19,11,8
96,error4,6,30,8
96,error4,11,11,9
96,error1,17,18,9
96,error2,6,21,9
96,error3,13,23,9
96,error3,15,6,10
96,error2,7,7,10
96,error2,14,16,10
96,error4,0,17,10
96,error4,0,22,10
96,error2,5,25,11
96,error4,6,28,12
97,error3,12,1,1
97,error4,6,20,1
97,error4,20,20,1
97,error4,6,23,1
97,error5,6,23,1
97,error2,8,24,1
97,error4,9,26,1
97,error3,1,9,2
97,error1,5,11,2
97,error4,20,6,3
97,error3,15,13,3
97,error1,9,29,3
97,error1,9,9,4
97,error4,20,19,4
97,error1,0,3,5
97,error1,0,6,5
97,error5,6,8,5
97,error4,8,28,5
97,error1,6,15,6
97,error1,9,21,6
97,error2,18,29,6
97,error4,6,7,7
97,error2,11,15,7
97,error1,11,21,7
97,error5,6,22,7
97,error2,0,5,8
97,error2,11,8,8
97,error4,20,11,8
97,error1,7,14,8
97,error1,15,22,8
97,error2,17,30,8
97,error5,12,2,9
97,error4,6,5,9
97,error1,12,8,9
97,error3,23,22,9
97,error4,14,2,10
97,error4,17,16,10
97,error2,6,20,10
97,error3,6,20,10
97,error4,22,31,10
97,error4,1,3,11
97,error4,8,4,11
97,error5,6,19,11
97,error2,22,2,12
97,error1,2,15,12
98,error1,6,17,1
98,error4,6,29,1
98,error5,23,2,2
98,error1,6,13,2
98,error3,16,21,2
98,error5,6,28,2
98,error4,16,28,2
98,error4,22,5,3
98,error3,8,26,3
98,error1,14,29,3
98,error1,3,31,3
98,error5,17,2,4
98,error4,6,14,4
98,error2,21,20,4
98,error2,6,29,4
98,error3,6,29,4
98,error5,6,29,4
98,error1,6,14,5
98,error4,6,29,5
98,error2,18,5,6
98,error2,6,13,6
98,error3,6,13,6
98,error2,6,20,6
98,error1,6,28,6
98,error5,6,28,6
98,error2,13,2,7
98,error4,6,28,7
98,error4,1,2,8
98,error2,15,8,8
98,error1,6,12,8
98,error4,12,24,8
98,error2,6,27,8
98,error3,6,27,8
98,error2,18,16,10
98,error1,17,20,10
98,error2,8,21,10
98,error4,9,23,10
98,error3,4,26,10
98,error2,6,26,10
98,error3,6,26,10
98,error4,23,3,11
98,error3,10,7,11
98,error4,6,25,11
98,error1,9,9,12
98,error2,22,27,12
99,error5,6,17,1
99,error2,7,19,1
99,error2,1,28,1
99,error2,10,30,1
99,error1,6,1,2
99,error1,2,6,2
99,error2,6,16,2
99,error3,6,16,2
99,error1,22,25,2
99,error4,6,3,3
99,error2,7,6,3
99,error1,8,10,3
99,error5,6,18,3
99,error2,6,2,4
99,error3,6,2,4
99,error4,6,17,4
99,error3,16,17,4
99,error3,2,18,4
99,error2,11,20,4
99,error4,10,29,4
99,error1,13,1,5
99,error2,6,2,5
99,error3,6,2,5
99,error2,14,2,5
99,error3,2,12,5
99,error1,2,17,5
99,error1,6,17,5
99,error5,6,1,6
99,error1,3,5,6
99,error3,15,13,6
99,error2,16,18,6
99,error2,6,1,7
99,error3,6,1,7
99,error4,6,16,7
99,error4,21,25,7
99,error2,6,31,7
99,error3,6,31,7
99,error1,0,13,8
99,error2,8,14,8
99,error2,5,18,8
99,error4,6,30,8
99,error4,11,13,9
99,error2,16,1,10
99,error3,12,11,10
99,error3,20,13,10
99,error2,6,14,10
99,error3,6,14,10
99,error3,9,15,10
99,error5,6,29,10
99,error2,5,4,11
99,error3,13,25,11
99,error4,6,28,11
99,error5,6,13,12
99,error3,2,20,12
100,error2,1,4,1
100,error4,0,16,1
100,error1,10,1,2
100,error1,6,11,2
100,error1,21,12,2
100,error1,15,8,3
100,error4,4,27,4
100,error5,22,27,4
100,error2,23,16,5
100,error2,13,17,5
100,error3,2,22,5
100,error3,16,5,7
100,error2,1,19,7
100,error4,16,14,8
100,error4,15,30,8
100,error1,6,9,9
100,error3,23,14,9
100,error3,5,3,10
100,error1,7,9,10
100,error3,2,17,10
100,error1,12,17,10
100,error1,23,24,10
100,error2,21,27,10
100,error3,2,5,11
100,error1,17,7,11
100,error1,1,12,11
100,error2,8,21,11
100,error1,2,4,12
100,error2,6,8,12
100,error3,6,8,12
100,error3,3,22,12
